outlet_name,postal_code,onemap_address,planning_area
Delisia Agency Pte Ltd,188425,149 ROCHOR ROAD FU LU SHOU COMPLEX SINGAPORE 188425,ROCHOR
Tong Aik Huat,530685,685 HOUGANG STREET 61 HOUGANG SPRING SINGAPORE 530685,HOUGANG
NTUC FairPrice NEX,556083,23 SERANGOON AVENUE 2 CS MONTESSORI KINDERGARTEN @ SERANGOON SINGAPORE 556083,SERANGOON
Tan Wee Fong Trading,330024,24 BENDEMEER ROAD BENDEMEER VILLE SINGAPORE 330024,KALLANG
Singapore Pools King George's Ave Branch,200803,803 KING GEORGE'S AVENUE SINGAPORE 200803,KALLANG
NTUC FairPrice AMK Hub,569933,53 ANG MO KIO AVENUE 3 ABUNDANT LIFE FAMILY CHURCH SINGAPORE 569933,ANG MO KIO
Fatt Chye Heng Trading,530007,7 HOUGANG AVENUE 3 SINGAPORE 530007,HOUGANG
PFG Framing & Trading,640960,960 JURONG WEST STREET 92 SINGAPORE 640960,JURONG WEST
Ng Teo Guan Self Service,400301,301 UBI AVENUE 1 SINGAPORE 400301,GEYLANG
Mee Lee Cheong Pte. Ltd.,521139,139 TAMPINES STREET 11 SINGAPORE 521139,TAMPINES
Laura's Gifts,510442,442 PASIR RIS DRIVE 6 SINGAPORE 510442,PASIR RIS
Singapore Pools Suntec City Branch,38983,3 TEMASEK BOULEVARD GOLDEN VILLAGE (GV SUNTEC CITY) SINGAPORE 038983,DOWNTOWN CORE
Singapore Pools People's Park Centre (Chinatown) Branch,58357,101 UPPER CROSS STREET CHINATOWN POST OFFICE SINGAPORE 058357,OUTRAM
NTUC FairPrice Tampines Mall,529510,4 TAMPINES CENTRAL 5 GOLDEN VILLAGE (GV TAMPINES) SINGAPORE 529510,TAMPINES
7-Eleven Store Eunos Crescent,401001,1A EUNOS CRESCENT SINGAPORE 401001,GEYLANG
Singapore Pools Toa Payoh Lorong 1 Branch,310111,111 LORONG 1 TOA PAYOH TOA PAYOH NORTH SINGAPORE 310111,TOA PAYOH
Singapore Pools Hougang N1 Branch,530106,106 HOUGANG AVENUE 1 SINGAPORE 530106,HOUGANG
Singapore Pools Clementi N7 Branch,120722,722 CLEMENTI WEST STREET 2 SINGAPORE 120722,CLEMENTI
NTUC FairPrice Toa Payoh HDB Centre,310500,500 LORONG 6 TOA PAYOH HDB HUB SINGAPORE 310500,TOA PAYOH
NTUC FairPrice Clementi Avenue 3,120451,451 CLEMENTI AVENUE 3 CLEMENTI POLYCLINIC SINGAPORE 120451,CLEMENTI
Singapore Pools Yishun N1 Branch,760101,101 YISHUN AVENUE 5 SINGAPORE 760101,YISHUN
Singapore Pools Whampoa Drive Branch,320088,88 WHAMPOA DRIVE SINGAPORE 320088,NOVENA
Singapore Pools Teck Whye Branch,680141,141 TECK WHYE LANE SINGAPORE 680141,CHOA CHU KANG
Singapore Pools Tanjong Pagar Branch,82001,1 TANJONG PAGAR PLAZA MULTI STOREY CAR PARK SINGAPORE 082001,OUTRAM
Singapore Pools Jurong West N5 Branch,640508,508 JURONG WEST STREET 52 HONG KAH POINT SINGAPORE 640508,JURONG WEST
Singapore Pools IMM Branch,609601,2 JURONG EAST STREET 21 IMM BUILDING SINGAPORE 609601,JURONG EAST
Singapore Pools Hougang N2 Branch,530211,211 HOUGANG STREET 21 KOVAN CITY SINGAPORE 530211,HOUGANG
NTUC FairPrice Yishun MRT Station,769093,301 YISHUN AVENUE 2 YISHUN MRT STATION (NS13) SINGAPORE 769093,YISHUN
NTUC FairPrice Jurong Gateway Road,600135,135 JURONG GATEWAY ROAD J CONNECT SINGAPORE 600135,JURONG EAST
Jake Merchandise Associates,520503,503 TAMPINES CENTRAL 1 TAMPINES HEART SINGAPORE 520503,TAMPINES
7-Eleven Store Yishun Ring Road,760103,103 YISHUN RING ROAD SINGAPORE 760103,YISHUN
Wanrise,380047,47 SIMS PLACE SIMS VISTA SINGAPORE 380047,GEYLANG
Tay Sui Lan Agency,49317,11 COLLYER QUAY THE ARCADE SINGAPORE 049317,DOWNTOWN CORE
Tampines Trading - 828,520828,828 TAMPINES STREET 81 SINGAPORE 520828,TAMPINES
Singapore Pools Woodlands 888 Branch,730888,888 WOODLANDS DRIVE 50 888 PLAZA SINGAPORE 730888,WOODLANDS
Singapore Pools Tampines Mart Branch,529287,11 TAMPINES STREET 32 PLAYFACTO SCHOOL @ TAMPINES SINGAPORE 529287,TAMPINES
Singapore Pools Clementi N3 Branch,120325,325 CLEMENTI AVENUE 5 SINGAPORE 120325,CLEMENTI
Singapore Pools Bencoolen Branch,189646,180 BENCOOLEN STREET THE BENCOOLEN SINGAPORE 189646,ROCHOR
Rangoon Provision Shop,210681,681 RACE COURSE ROAD SINGAPORE 210681,KALLANG
NTUC FairPrice Bukit Batok MRT Station,659958,10 BUKIT BATOK CENTRAL BUKIT BATOK MRT STATION (NS2) SINGAPORE 659958,BUKIT BATOK
Livewire Singapore Pools,188994,210 MIDDLE ROAD TOTE BOARD (TOTE BOARD) SINGAPORE 188994,ROCHOR
Livewire Marina Bay Sands,18972,2 BAYFRONT AVENUE CRYSTAL PAVILION SOUTH SINGAPORE 018972,DOWNTOWN CORE
Lee Eng Trading Store,522201,201B TAMPINES STREET 21 SINGAPORE 522201,TAMPINES
Cheers Harbourfront Centre,99253,1 MARITIME SQUARE CONSULATE-GENERAL OF THE REPUBLIC OF COTE D'IVOIRE SINGAPORE 099253,BUKIT MERAH
Singapore Pools Woodlands N5 Branch,730548,548 WOODLANDS DRIVE 44 FC SINGAPORE 730548,WOODLANDS
Singapore Pools Toa Payoh Lorong 8 Branch,310212,212 LORONG 8 TOA PAYOH SINGAPORE 310212,TOA PAYOH
Singapore Pools New Upper Changi Branch,462026,26 NEW UPPER CHANGI ROAD SINGAPORE 462026,BEDOK
Singapore Pools Lorong 25A Geylang Branch,388251,62A LORONG 25A GEYLANG SINGAPORE 388251,GEYLANG
Singapore Pools Jurong West N4 Branch,640498,498 JURONG WEST STREET 41 SINGAPORE 640498,JURONG WEST
Singapore Pools Clementi Town Centre Branch,120446,446 CLEMENTI AVENUE 3 SINGAPORE 120446,CLEMENTI
Singapore Pools Bedok Town Centre Branch,460204,204 BEDOK NORTH STREET 1 BEDOK TOWN CENTRE SINGAPORE 460204,BEDOK
Singapore Pools LOT One Branch,689812,21 CHOA CHU KANG AVENUE 4 CHOA CHU KANG LIBRARY SINGAPORE 689812,CHOA CHU KANG
Nan Huat Wine Store,570513,513 BISHAN STREET 13 SINGAPORE 570513,BISHAN
Evercool Engineering,310095,95 LORONG 4 TOA PAYOH TOA PAYOH PALM SPRING SINGAPORE 310095,TOA PAYOH
Tan Boon Tin Agency,440056,56 MARINE TERRACE MARINE TERRACE HAVEN SINGAPORE 440056,MARINE PARADE
Singapore Pools Pasir Ris N2 Branch,510259,259 PASIR RIS STREET 21 LOYANG POINT SINGAPORE 510259,PASIR RIS
Singapore Pools Ang Mo Kio N7 Branch,560726,726 ANG MO KIO AVENUE 6 SINGAPORE 560726,ANG MO KIO
Singapore Pools Ang Mo Kio N2 Branch,560202,202 ANG MO KIO AVENUE 3 ANG MO KIO VIEW SINGAPORE 560202,ANG MO KIO
Seah Geok Eng Agency - Rivervale Plaza,540118,118 RIVERVALE DRIVE FC/MARKET RIVERVALE PLAZA SINGAPORE 540118,SENGKANG
NTUC FairPrice White Sands,518457,1 PASIR RIS CENTRAL STREET 3 PASIR RIS LIBRARY SINGAPORE 518457,PASIR RIS
NTUC FairPrice Sun Plaza,757713,30 SEMBAWANG DRIVE SEMBAWANG LIBRARY SINGAPORE 757713,SEMBAWANG
NTUC FairPrice Jurong Point,648331,63 JURONG WEST CENTRAL 3 BOON LAY BUS INTERCHANGE SINGAPORE 648331,JURONG WEST
NTUC FairPrice Bedok North Street 4,460089,89 BEDOK NORTH STREET 4 SINGAPORE 460089,BEDOK
Giant Sunshine Place,680475,475 CHOA CHU KANG AVENUE 3 KINDERLAND KINDERGARTEN (CHOA CHU KANG) SINGAPORE 680475,CHOA CHU KANG
Cheers Hougang Central,530810,810 HOUGANG CENTRAL ALJUNIED-HOUGANG TOWN COUNCIL (MAIN OFFICE) SINGAPORE 530810,HOUGANG
Vitatron & Medical Co,58963,60A SMITH STREET KRETA AYER CONSERVATION AREA SINGAPORE 058963,OUTRAM
Teo Sook Cheng Agency,760293,293 YISHUN STREET 22 SINGAPORE 760293,YISHUN
Soh Choo Trading,730019,19 MARSILING LANE SINGAPORE 730019,WOODLANDS
Singapore Pools Tampines N4 Branch,520481,481 TAMPINES STREET 44 SINGAPORE 520481,TAMPINES
Singapore Pools Serangoon Central Branch,550254,254 SERANGOON CENTRAL DRIVE SINGAPORE 550254,SERANGOON
Singapore Pools Potong Pasir Branch,350148,148 POTONG PASIR AVENUE 1 SINGAPORE 350148,TOA PAYOH
Singapore Pools Lucky Plaza Branch,238863,304 ORCHARD ROAD LUCKY PLAZA SINGAPORE 238863,ORCHARD
Singapore Pools Holland Drive Branch,270046,46 HOLLAND DRIVE SINGAPORE 270046,QUEENSTOWN
Singapore Pools Bukit Panjang Branch,670257,257 BANGKIT ROAD BUKIT PANJANG NEIGHBOURHOOD CENTRE SINGAPORE 670257,BUKIT PANJANG
Singapore Pools Bishan N2 Branch,570279,279 BISHAN STREET 24 SINGAPORE 570279,BISHAN
Singapore Pools Ang Mo Kio N4 Branch,560447,447 ANG MO KIO AVENUE 10 CHONG BOON CENTRE SINGAPORE 560447,ANG MO KIO
Singapore Pools Anchorvale Road Branch,540308,308 ANCHORVALE ROAD MULTI STOREY CAR PARK SINGAPORE 540308,SENGKANG
Seah Koon Huat - Bukit Merah View,151116,116 BUKIT MERAH VIEW SINGAPORE 151116,BUKIT MERAH
Prime Punggol Field,820108,108 PUNGGOL FIELD SINGAPORE 820108,PUNGGOL
NTUC FairPrice Tanjong Pagar Plaza,81005,5 TANJONG PAGAR PLAZA SINGAPORE 081005,OUTRAM
NTUC FairPrice Bukit Merah Central,150166,166 BUKIT MERAH CENTRAL SINGAPORE 150166,BUKIT MERAH
Metro Woodlands,738099,1 WOODLANDS SQUARE CAUSEWAY POINT SINGAPORE 738099,WOODLANDS
Livewire (Resorts World Sentosa),98138,26 SENTOSA GATEWAY SHOWPLACE (RESORTS WORLD SENTOSA) SINGAPORE 098138,SOUTHERN ISLANDS
Cheers Changi Village Road,500004,4 CHANGI VILLAGE ROAD SINGAPORE 500004,CHANGI
Clifford Gift Shop,560532,532 ANG MO KIO AVENUE 10 CHENG SAN CENTRE SINGAPORE 560532,ANG MO KIO
7-Eleven Store Owen Road,210045,45 OWEN ROAD SINGAPORE 210045,KALLANG
Xie Sheng Departmental Service Company,470632,632 BEDOK RESERVOIR ROAD EUNOS GROVE SINGAPORE 470632,BEDOK
Singapore Pools Woodlands N3 Branch,730305,305 WOODLANDS STREET 31 FUCHUN NEIGHBOURHOOD CENTRE SINGAPORE 730305,WOODLANDS
Singapore Pools Jurong West N2 Branch,640276,276 JURONG WEST STREET 25 MULTI STOREY CAR PARK SINGAPORE 640276,JURONG WEST
Singapore Pools Jurong East Branch,600351,351 JURONG EAST STREET 31 YUHUA PLACE SINGAPORE 600351,JURONG EAST
Singapore Pools Hougang N3 Branch,530322,322 HOUGANG AVENUE 5 SINGAPORE 530322,HOUGANG
Singapore Pools Gek Poh Shopping Centre (Jurong West N7) Branch,640762,762 JURONG WEST STREET 75 GEK POH SHOPPING CENTRE SINGAPORE 640762,JURONG WEST
Singapore Pools Funan Branch,179105,107 NORTH BRIDGE ROAD FUNAN SINGAPORE 179105,DOWNTOWN CORE
Singapore Pools Circuit Road 64 Branch,370064,64 CIRCUIT ROAD SINGAPORE 370064,GEYLANG
Singapore Pools Bukit Batok Central Branch,650642,642 BUKIT BATOK CENTRAL SINGAPORE 650642,BUKIT BATOK
Singapore Pools Ang Mo Kio N6 Branch,560630,630 ANG MO KIO AVENUE 4 YIO CHU KANG VIEW SINGAPORE 560630,ANG MO KIO
NTUC FairPrice Yishun Ring Road,760849,849 YISHUN RING ROAD MLC (YISHUN) PTE. LTD. SINGAPORE 760849,YISHUN
NTUC FairPrice Serangoon North Avenue 1,552152,152B SERANGOON NORTH AVENUE 1 SINGAPORE 552152,SERANGOON
NTUC FairPrice Havelock Road,160050,50 HAVELOCK ROAD MY FIRST SKOOL SINGAPORE 160050,BUKIT MERAH
NTUC FairPrice Changi Business Park,486018,8 CHANGI BUSINESS PARK AVENUE 1 CHANGI LINK @ ESR BIZPARK @ CHANGI SINGAPORE 486018,TAMPINES
Ng Nam Thye Trading - Taman Jurong,610399,399 YUNG SHENG ROAD IMAN CHILDCARE (JURONG) PTE. LTD. SINGAPORE 610399,JURONG WEST
Dawn Florist - Aljunied Avenue 2,380119,119 ALJUNIED AVENUE 2 SINGAPORE 380119,GEYLANG
Li Li Cheng Supermarket (Punggol) Pte Ltd,823273,273C PUNGGOL PLACE PUNGGOL REGALIA SINGAPORE 823273,PUNGGOL
Cold Storage Compass One,545078,1 SENGKANG SQUARE COMPASS ONE SINGAPORE 545078,SENGKANG
Chua Yan Kee,142049,49 TANGLIN HALT ROAD SINGAPORE 142049,QUEENSTOWN
Chng Siow Eng Agency,510625,625 ELIAS ROAD CHERIE HEARTS KIDZ CAMPUS PTE. LTD. SINGAPORE 510625,PASIR RIS
Cheng Tai Boon Beng,238841,150 ORCHARD ROAD ORCHARD PLAZA SINGAPORE 238841,ORCHARD
Cheng Chew Wah Agency - Marine Terrace,440058,58 MARINE TERRACE MARINE TERRACE HAVEN SINGAPORE 440058,MARINE PARADE
7-Eleven Store McCallum Street,69044,3A MCCALLUM STREET TELOK AYER CONSERVATION AREA SINGAPORE 069044,OUTRAM
Wong Teck Chow Enterprise (Private) Limited,188061,390 VICTORIA STREET THE GOLDEN LANDMARK SINGAPORE 188061,ROCHOR
U Stars Sumang Walk,820218,218 SUMANG WALK MATILDA PORTICO SINGAPORE 820218,PUNGGOL
Tuck Lee Long,560159,159 ANG MO KIO AVENUE 4 SINGAPORE 560159,ANG MO KIO
Tay Ah Tho Trading,730768,768 WOODLANDS AVENUE 6 CENTRAL 24-HR CLINIC (WOODLANDS) SINGAPORE 730768,WOODLANDS
Tan Kai Huat Provision Shop,530123,123 HOUGANG AVENUE 1 PRO-TEACH BASC AND TUITION CENTRE (PAYA LEBAR) SINGAPORE 530123,HOUGANG
Singapore Pools Sim Lim Square Branch,188504,1 ROCHOR CANAL ROAD SIM LIM SQUARE SINGAPORE 188504,ROCHOR
Singapore Pools Silat Avenue Branch,160150,150 SILAT AVENUE SINGAPORE 160150,BUKIT MERAH
Singapore Pools Siglap Branch,459060,697D EAST COAST ROAD FRANKEL ESTATE SINGAPORE 459060,BEDOK
Singapore Pools Choa Chu Kang Branch,680303,manual,CHOA CHU KANG
Singapore Pools Chinatown Point Branch,59413,133 NEW BRIDGE ROAD CHINATOWN LIBRARY SINGAPORE 059413,OUTRAM
Singapore Pools Chin Swee Branch,160052,52 CHIN SWEE ROAD SINGAPORE 160052,OUTRAM
Singapore Pools Cheong Chin Nam Road Branch,599730,5 CHEONG CHIN NAM ROAD SINGAPORE 599730,BUKIT TIMAH
Singapore Pools Beo Crescent Branch,160036,36 BEO CRESCENT THE BEO CRESCENT SINGAPORE 160036,BUKIT MERAH
Sheng Siong Junction 9,768897,18 YISHUN AVENUE 9 JUNCTION NINE SINGAPORE 768897,YISHUN
Prime Chai Chee Road,461025,25A CHAI CHEE ROAD SINGAPORE 461025,BEDOK
Overseas Emporium (Private) Limited,59108,1 PARK ROAD PEOPLE'S PARK COMPLEX SINGAPORE 059108,OUTRAM
OCN (Singapore) Pte Ltd,120501,501 WEST COAST DRIVE SINGAPORE 120501,CLEMENTI
NTUC FairPrice Xpress Macpherson Road,348501,110 MACPHERSON ROAD ESSO MACPHERSON SINGAPORE 348501,GEYLANG
NTUC FairPrice Marsiling MRT Station,739044,71 WOODLANDS AVENUE 3 MARSILING MRT STATION (NS8) SINGAPORE 739044,WOODLANDS
NTUC FairPrice Lorong 4 Toa Payoh,310192,192 LORONG 4 TOA PAYOH SINGAPORE 310192,TOA PAYOH
NTUC FairPrice Joo Koon,629117,1 JOO KOON CIRCLE FAIRPRICE HUB SINGAPORE 629117,PIONEER
NTUC FairPrice Jem,608549,50 JURONG GATEWAY ROAD JEM SINGAPORE 608549,JURONG EAST
NTUC FairPrice Boon Lay Place,640221,221 BOON LAY PLACE BOON LAY SHOPPING CENTRE SINGAPORE 640221,JURONG WEST
Nel's Store,470741,741 BEDOK RESERVOIR ROAD RESERVOIR VILLAGE SINGAPORE 470741,BEDOK
Nalayanee Trading Enterprise,534839,127 UPPER PAYA LEBAR ROAD SINGAPORE 534839,TOA PAYOH
Lucky Hill,90112,112 BUKIT PURMEI ROAD BUKIT PURMEI VILLE SINGAPORE 090112,BUKIT MERAH
Kim Chwee Trading,600256,256 JURONG EAST STREET 24 SINGAPORE 600256,JURONG EAST
Hin Teck Leong Trading Company - Rowell Road,200640,640 ROWELL ROAD SINGAPORE 200640,ROCHOR
NTUC FairPrice Parkway Parade,449269,80 MARINE PARADE ROAD MARINE PARADE POST OFFICE SINGAPORE 449269,MARINE PARADE
Everstream Trading,650283,283 BUKIT BATOK EAST AVENUE 3 GOMBAK PLACE SINGAPORE 650283,BUKIT BATOK
Dawn Florist,538719,21 HOUGANG STREET 51 HOUGANG GREEN SHOPPING MALL SINGAPORE 538719,HOUGANG
Singapore Pools Northpoint City Branch,769098,930 YISHUN AVENUE 2 NORTHPOINT CITY (NORTH WING) SINGAPORE 769098,YISHUN
Chuan Hao Departmental Store,131019,19A DOVER CRESCENT MULTI STOREY CAR PARK SINGAPORE 131019,QUEENSTOWN
Cheers New Upper Changi Road,461059,59 NEW UPPER CHANGI ROAD SINGAPORE 461059,BEDOK
Cheers Haig Road,430012,12 HAIG ROAD HAIG VIEW SINGAPORE 430012,GEYLANG
Afro Asia Co Pte Ltd,760604,604 YISHUN STREET 61 NEE SOON CENTRAL MEADOWS SINGAPORE 760604,YISHUN
7-Eleven Store Sixth Avenue,276472,6 SIXTH AVENUE SINGAPORE 276472,BUKIT TIMAH
7-Eleven Store Choa Chu Kang Drive,682689,689B CHOA CHU KANG DRIVE SINGAPORE 682689,CHOA CHU KANG
7-Eleven Store Changi Road,419701,38 CHANGI ROAD SINGAPORE 419701,GEYLANG
Balestier Khalsa Football Club,310070,70 LORONG 4 TOA PAYOH TOA PAYOH VISTA SINGAPORE 310070,TOA PAYOH
U Stars Keat Hong Link,680817,817 KEAT HONG LINK KEAT HONG MIRAGE SINGAPORE 680817,CHOA CHU KANG
Goh Geok Kwee Agency - Redhill Lane,150084,84 REDHILL LANE SINGAPORE 150084,BUKIT MERAH
Tan Ah Leck Trading - Bukit Batok Street 11,650151,151 BUKIT BATOK STREET 11 SINGAPORE 650151,BUKIT BATOK
Springdale Garments Co,560408,408 ANG MO KIO AVENUE 10 TECK GHEE SQUARE SINGAPORE 560408,ANG MO KIO
Singapore Pools Yishun N2 Branch,760256,256 YISHUN RING ROAD YISHUN SUNSHINE SINGAPORE 760256,YISHUN
Singapore Pools Teban Gardens Branch,600037,37 TEBAN GARDENS ROAD SINGAPORE 600037,JURONG EAST
Singapore Pools Jalan Tiga Branch,390043,43 JALAN TIGA PINE GREEN SINGAPORE 390043,GEYLANG
Singapore Pools Ghim Moh Branch,270021,21 GHIM MOH ROAD SINGAPORE 270021,QUEENSTOWN
Singapore Pools Geylang Bahru Branch,330057,57 GEYLANG BAHRU GEYLANG BAHRU VILLE SINGAPORE 330057,KALLANG
Singapore Pools Circuit Road 88 Branch,370088,88 CIRCUIT ROAD SINGAPORE 370088,GEYLANG
Singapore Pools Bukit Gombak Branch,650374,374 BUKIT BATOK STREET 31 SINGAPORE 650374,BUKIT BATOK
Singapore Pools Bedok North Branch,460509,509 BEDOK NORTH STREET 3 STAR KIDZ POWERCLUB SINGAPORE 460509,BEDOK
Sheng Siong Tanglin Halt Road,141088,88 TANGLIN HALT ROAD CARE CORNER FAMILY SERVICE CENTRE (QUEENSTOWN) SINGAPORE 141088,QUEENSTOWN
Sheng Moh Fruits & Provision Store,128632,29A JALAN MAS PUTEH PASIR PANJANG GARDENS SINGAPORE 128632,CLEMENTI
Prime Keat Hong,680253,253 CHOA CHU KANG AVENUE 1 CHOA CHU KANG MARKET SINGAPORE 680253,CHOA CHU KANG
NTUC FairPrice Yung Kuang Road,610063,63 YUNG KUANG ROAD SINGAPORE 610063,JURONG WEST
NTUC FairPrice Yew Tee Point,689578,21 CHOA CHU KANG NORTH 6 YEWTEE POINT SINGAPORE 689578,CHOA CHU KANG
NTUC FairPrice Woodlands Civic Centre,730900,900 SOUTH WOODLANDS DRIVE KINDERLAND KINDERGARTEN (WOODLANDS) SINGAPORE 730900,WOODLANDS
NTUC FairPrice Thomson Plaza,574408,301 UPPER THOMSON ROAD THOMSON PLAZA SINGAPORE 574408,BISHAN
NTUC FairPrice Tampines Street 83,521866,866A TAMPINES STREET 83 TAMPINES CENTRAL COMMUNITY COMPLEX SINGAPORE 521866,TAMPINES
NTUC FairPrice Tampines Street 44,520475,475 TAMPINES STREET 44 SINGAPORE 520475,TAMPINES
NTUC FairPrice Rivervale Mall,545082,11 RIVERVALE CRESCENT SINGAPORE 545082,SENGKANG
NTUC FairPrice Punggol Oasis Terraces,820681,681 PUNGGOL DRIVE NKF DIALYSIS CENTRE SINGAPORE 820681,PUNGGOL
NTUC FairPrice Marine Parade Central,449411,6 MARINE PARADE CENTRAL SINGAPORE 449411,MARINE PARADE
NTUC FairPrice Limbang Shopping Centre,680533,533 CHOA CHU KANG STREET 51 LIMBANG SHOPPING CENTRE SINGAPORE 680533,CHOA CHU KANG
NTUC FairPrice E!Hub @ Downtown East,519599,1 PASIR RIS CLOSE ACES MONTESSORI KIDZ KINDERGARTEN SINGAPORE 519599,PASIR RIS
NTUC FairPrice Clementi Avenue 2,120352,352 CLEMENTI AVENUE 2 CLEMENTI AVENUE 2 SHOPPING CENTRE SINGAPORE 120352,CLEMENTI
Ng Nam Thye Trading - Ang Mo Kio Avenue 3,569922,51 ANG MO KIO AVENUE 3 51 @ AMK SINGAPORE 569922,ANG MO KIO
Lim Heng Ee Trading Pte. Ltd.,380016,16 UPPER BOON KENG ROAD BOON KENG VILLE SINGAPORE 380016,KALLANG
Golden Lagoon Trading,730136,136 MARSILING ROAD SINGAPORE 730136,WOODLANDS
Goh Geok Kwee Agency - Bukit Merah,150124,124 BUKIT MERAH LANE 1 SINGAPORE 150124,BUKIT MERAH
Giant Beauty World Centre,588177,144 UPPER BUKIT TIMAH ROAD BEAUTY WORLD CENTRE SINGAPORE 588177,BUKIT TIMAH
Chua Hong Kim Trading,550237,237 SERANGOON AVENUE 3 SINGAPORE 550237,SERANGOON
Chop Yeo Thong Heng,370076,76 CIRCUIT ROAD MACPHERSON BLOSSOM SINGAPORE 370076,GEYLANG
Chong Hoe Tong,310021,21 LORONG 7 TOA PAYOH KIM KEAT PALM SINGAPORE 310021,TOA PAYOH
Cheng Chew Wah Agency - Bedok South Road,460017,17 BEDOK SOUTH ROAD SINGAPORE 460017,BEDOK
Cheers Hougang Avenue 3,530023,23 HOUGANG AVENUE 3 HOUGANG VIEW SINGAPORE 530023,HOUGANG
7-Eleven Store Plaza Singapura,238839,68 ORCHARD ROAD GOLDEN VILLAGE (GV PLAZA) SINGAPORE 238839,ORCHARD
7-Eleven Store Foch Road,209264,27 FOCH ROAD HOA NAM BUILDING SINGAPORE 209264,KALLANG
7-Eleven Store Bedok North Street 2,460123,123 BEDOK NORTH STREET 2 SINGAPORE 460123,BEDOK
Tan Ah Leck Trading - Jurong East Street 31,600352,352 JURONG EAST STREET 31 YUHUA PLACE SINGAPORE 600352,JURONG EAST
Superbowl Jurong Pte Ltd,618642,3 YUAN CHING ROAD SINGAPORE 618642,JURONG WEST
Singapore Pools Woodlands N8 Branch,730883,883 WOODLANDS STREET 82 WOODLANDS NORTH PLAZA SINGAPORE 730883,WOODLANDS
Singapore Pools Upper Boon Keng Branch,380018,18 UPPER BOON KENG ROAD BOON KENG VILLE SINGAPORE 380018,KALLANG
Singapore Pools Telok Blangah Branch,90006,6 TELOK BLANGAH CRESCENT MOUNT FABER GREEN SINGAPORE 090006,BUKIT MERAH
Singapore Pools Peace Centre Branch,228149,1 SOPHIA ROAD ONE SOPHIA SINGAPORE 228149,ROCHOR
Singapore Pools Pasir Ris N7 Branch,510735,735 PASIR RIS STREET 72 PASIR RIS WEST PLAZA SINGAPORE 510735,PASIR RIS
Singapore Pools Canberra Branch,750505,505 CANBERRA LINK MONTREAL SPRING SINGAPORE 750505,SEMBAWANG
Singapore Pools Ang Mo Kio N2A Branch,561226,226A ANG MO KIO AVENUE 1 KEBUN BARU MALL SINGAPORE 561226,ANG MO KIO
Prime Yishun Avenue 6,760461,461 YISHUN AVENUE 6 BLOSSOM SPRING @ YISHUN SINGAPORE 760461,YISHUN
Papillon Florist Pte Ltd,160133,133 JALAN BUKIT MERAH SINGAPORE 160133,BUKIT MERAH
Prime Century Square,529509,2 TAMPINES CENTRAL 5 CENTURY SQUARE SINGAPORE 529509,TAMPINES
NTUC FairPrice Tampines Street 11,521107,107 TAMPINES STREET 11 SINGAPORE 521107,TAMPINES
NTUC FairPrice Senja Road,670628,628 SENJA ROAD SENJA CENTRE SINGAPORE 670628,BUKIT PANJANG
NTUC FairPrice Seletar Mall,797653,33 SENGKANG WEST AVENUE SHAW THEATRES SELETAR SINGAPORE 797653,SENGKANG
NTUC FairPrice New Upper Changi Road,461057,57 NEW UPPER CHANGI ROAD SINGAPORE 461057,BEDOK
NTUC FairPrice Kallang Wave Mall,397628,1 STADIUM PLACE KALLANG WAVE MALL SINGAPORE 397628,KALLANG
NTUC FairPrice Kallang Bahru,330071,71 KALLANG BAHRU SINGAPORE 330071,KALLANG
NTUC FairPrice Hougang Mall,538766,90 HOUGANG AVENUE 10 CHENG SAN LIBRARY SINGAPORE 538766,HOUGANG
NTUC FairPrice Hillion Mall,678278,17 PETIR ROAD BUKIT PANJANG INTEGRATED TRANSPORT HUB SINGAPORE 678278,BUKIT PANJANG
NTUC FairPrice Eastpoint Mall,528833,3 SIMEI STREET 6 EASTPOINT MALL SINGAPORE 528833,TAMPINES
NTUC FairPrice Bukit Panjang Plaza,677743,1 JELEBU ROAD BUKIT PANJANG LIBRARY SINGAPORE 677743,BUKIT PANJANG
Kwek Lee Eng Agency,199018,200 JALAN SULTAN HOPE CHURCH SINGAPORE SINGAPORE 199018,KALLANG
Hougang United Football Club,538856,100 HOUGANG AVENUE 2 HOUGANG STADIUM SINGAPORE 538856,HOUGANG
Giant Pioneer Mall,640638,638 JURONG WEST STREET 61 PIONEER MALL SINGAPORE 640638,JURONG WEST
Giant Paya Lebar Square,409051,60 PAYA LEBAR ROAD PAYA LEBAR SQUARE SINGAPORE 409051,GEYLANG
Giant Compassvale Bow,540266,266 COMPASSVALE BOW SINGAPORE 540266,SENGKANG
Everbright  Services,100108,108 DEPOT ROAD DEPOT HEIGHTS SHOPPING CENTRE SINGAPORE 100108,BUKIT MERAH
7-Eleven Store Sin Ming,574369,244 UPPER THOMSON ROAD THOMSON GARDEN ESTATE SINGAPORE 574369,BISHAN
7-Eleven Store Circular Road,49413,58 CIRCULAR ROAD BOAT QUAY CONSERVATION AREA SINGAPORE 049413,SINGAPORE RIVER
Tampines Trading - 824,520824,824 TAMPINES STREET 81 SINGAPORE 520824,TAMPINES
Singapore Pools Yishun N4 Branch,760415,415 YISHUN AVENUE 11 SINGAPORE 760415,YISHUN
Singapore Pools Toa Payoh Lorong 4 Branch,310085,85 LORONG 4 TOA PAYOH SINGAPORE 310085,TOA PAYOH
Singapore Pools Lorong Lew Lian Branch,531002,2 LORONG LEW LIAN LEW LIAN GARDENS SINGAPORE 531002,SERANGOON
Singapore Pools Lengkok Bahru Branch,152063,63B LENGKOK BAHRU LENGKOK BAHRU HEIGHTS SINGAPORE 152063,BUKIT MERAH
Singapore Pools Jalan Batu Branch,431007,7 JALAN BATU DI TANJONG RHU SINGAPORE 431007,KALLANG
Singapore Pools Geylang Rd Branch,389233,149 GEYLANG ROAD GEYLANG CONSERVATION AREA SINGAPORE 389233,KALLANG
Singapore Pools Fajar Road Branch,670445,445 FAJAR ROAD FAJAR SHOPPING CENTRE SINGAPORE 670445,BUKIT PANJANG
Singapore Pools Empress Road Branch,260008,8 EMPRESS ROAD FARRER GARDENS SINGAPORE 260008,BUKIT TIMAH
Singapore Pools Chai Chee Branch,461036,36 CHAI CHEE AVENUE ANSAR GARDEN SINGAPORE 461036,BEDOK
Singapore Pools Bukit Batok N3 Branch,650324,324 BUKIT BATOK STREET 33 SINGAPORE 650324,BUKIT BATOK
Singapore Pools Bishan N1 Branch,570152,152 BISHAN STREET 11 BISHAN GREEN SINGAPORE 570152,BISHAN
Singapore Pools Balestier Road Branch,320002,2 BALESTIER ROAD BALESTIER HILL SHOPPING CENTRE SINGAPORE 320002,NOVENA
Sheng Siong Sengkang West Ave,790455,455 SENGKANG WEST AVENUE FERNVALE WOODS SINGAPORE 790455,SENGKANG
Sheng Siong Marsiling Mall,738623,4 WOODLANDS STREET 12 MARSILING MALL HAWKER CENTRE SINGAPORE 738623,WOODLANDS
Seah Koon Huat (Boon Tiong Rd),161011,11A BOON TIONG ROAD TIONG BAHRU VIEW SINGAPORE 161011,BUKIT MERAH
Seah Geok Eng Agency - Upper Serangoon View,537476,476D UPPER SERANGOON VIEW HOUGANG CAPEVIEW SINGAPORE 537476,HOUGANG
Prime Woodlands,730678,678 WOODLANDS AVENUE 6 ADMIRALTY PLACE SINGAPORE 730678,WOODLANDS
Prime Joo Seng,360001,1 UPPER ALJUNIED LANE SINGAPORE 360001,TOA PAYOH
Prime Compassvale Street,540263,263 COMPASSVALE STREET COMPASSVALE NORTH GATE SINGAPORE 540263,SENGKANG
Prime Admiralty Place,731678,678A WOODLANDS AVENUE 6 MULTI STOREY CAR PARK SINGAPORE 731678,WOODLANDS
Precise Optics,179098,111 NORTH BRIDGE ROAD CONSULATE OF NEPAL SINGAPORE 179098,DOWNTOWN CORE
NTUC FP Shaw Plaza,329783,360 BALESTIER ROAD SINGAPORE 329783,NOVENA
NTUC FP Jurong Point,648886,1 JURONG WEST CENTRAL 2 GOLDEN VILLAGE (GV JURONG POINT) SINGAPORE 648886,JURONG WEST
NTUC FairPrice Tiong Bahru Plaza,168732,302 TIONG BAHRU ROAD GOLDEN VILLAGE (GV TIONG BAHRU) SINGAPORE 168732,BUKIT MERAH
NTUC FairPrice The Woodleigh Mall,367803,11 BIDADARI PARK DRIVE BIDADARI COMMUNITY CENTRE SINGAPORE 367803,TOA PAYOH
NTUC FairPrice Telok Blangah Street 32,101078,78A TELOK BLANGAH STREET 32 MULTI STOREY CAR PARK SINGAPORE 101078,BUKIT MERAH
NTUC FairPrice Tai Seng,539775,18 TAI SENG STREET 18 TAI SENG SINGAPORE 539775,HOUGANG
NTUC FairPrice Sengkang East Ave,540279,279 SENGKANG EAST AVENUE COMPASSVALE ANCILLA SINGAPORE 540279,SENGKANG
NTUC FairPrice Punggol Plaza,820168,168 PUNGGOL FIELD PUNGGOL PLAZA SINGAPORE 820168,PUNGGOL
NTUC FairPrice Le Quest,657991,4 BUKIT BATOK STREET 41 LE QUEST SINGAPORE 657991,BUKIT BATOK
NTUC FairPrice Dawson Place,142057,57 DAWSON ROAD DAWSON PLACE SINGAPORE 142057,QUEENSTOWN
Lee Ah Lan Trading,600061,61 TEBAN GARDENS ROAD MULTI STOREY CAR PARK-TEBAN PLACE SINGAPORE 600061,JURONG EAST
Holland Drive Betting Centre – Lottery Lobby (Public),270047,47 HOLLAND DRIVE SINGAPORE 270047,QUEENSTOWN
Hock Soon Ann,460073,73 BEDOK SOUTH AVENUE 3 SIGLAP LUCKY VALLEY SINGAPORE 460073,BEDOK
Gerk Chwee Trading,557256,4 KENSINGTON PARK ROAD SERANGOON GARDEN ESTATE SINGAPORE 557256,SERANGOON
B.H. Mini Mart,350137,137 POTONG PASIR AVENUE 3 SINGAPORE 350137,TOA PAYOH
A.P. Mini Mart - Lorong 8 Toa Payoh,310234,234 LORONG 8 TOA PAYOH TOA PAYOH EIGHT SINGAPORE 310234,TOA PAYOH
A.P. Mini Mart - Bedok Reservoir Road,470121,121 BEDOK RESERVOIR ROAD EUNOS VISTA SINGAPORE 470121,BEDOK
7-Eleven Store Bukit Batok West Avenue 6,650132,132 BUKIT BATOK WEST AVENUE 6 SINGAPORE 650132,BUKIT BATOK
7-Eleven Jalan Leban,577549,6 JALAN LEBAN SEMBAWANG HILLS ESTATE SINGAPORE 577549,ANG MO KIO
Warriors Football Club (S),689236,1 CHOA CHU KANG STREET 53 CHOA CHU KANG SPORTS CENTRE SINGAPORE 689236,CHOA CHU KANG
Uni-Foto Pte Ltd,238875,400 ORCHARD ROAD BETHANY CHURCH SINGAPORE SINGAPORE 238875,ORCHARD
Tuas View,639591,71 ACUMED MEDICAL GROUP TUAS AMENITY CENTRE SINGAPORE 639591,TUAS
Singapore Racecourse - MRT Plaza (Public),738078,1 TURF CLUB AVENUE BUKIT TIMAH SADDLE CLUB SINGAPORE 738078,SUNGEI KADUT
Singapore Pools Yishun N7 Branch,760761,761 YISHUN STREET 72 SINGAPORE 760761,YISHUN
Singapore Pools Upp Thomson Branch,574424,200 UPPER THOMSON ROAD THOMSON IMPERIAL COURT SINGAPORE 574424,BISHAN
Singapore Pools Great World City Branch,237994,1 KIM SENG PROMENADE BRIGHTON MONTESSORI CENTRES PTE. LTD. SINGAPORE 237994,SINGAPORE RIVER
Singapore Pools Everton Park Branch,80007,7 EVERTON PARK SINGAPORE 080007,BUKIT MERAH
Singapore Pools Changi Road Branch,419799,324 CHANGI ROAD SINGAPORE 419799,BEDOK
Sheng Siong Serangoon North Avenue 5,554913,19 SERANGOON NORTH AVENUE 5 SERANGOON NORTH AMENITY CENTRE SINGAPORE 554913,SERANGOON
Shell Station Geylang Road,389266,203 GEYLANG ROAD SHELL GEYLANG LORONG 7 SINGAPORE 389266,GEYLANG
Serangoon Avenue 3 Betting Centre - Lottery Lobby (Public),550267,267 SERANGOON AVENUE 3 MARKET SINGAPORE 550267,SERANGOON
River Hong Bao,39805,20 RAFFLES AVENUE NS SQUARE SINGAPORE 039805,DOWNTOWN CORE
Prime Serangoon North,552542,542B SERANGOON NORTH AVENUE 3 SINGAPORE 552542,SERANGOON
Prime Hougang,531159,159A HOUGANG STREET 11 FOOD CENTRE SINGAPORE 531159,HOUGANG
Prime Buangkok Square,530991,991 BUANGKOK LINK BUANGKOK SQUARE SINGAPORE 530991,HOUGANG
Clifford Gift Shop - Ang Mo Kio Avenue 10,560555,555 ANG MO KIO AVENUE 10 CHENG SAN PLACE SINGAPORE 560555,ANG MO KIO
Pinthely Floral Centre,199588,5001 BEACH ROAD THE GOLDEN MILE SINGAPORE 199588,DOWNTOWN CORE
Ong Eng Siang Trading,160071,71 SENG POH ROAD TIONG BAHRU ESTATE SINGAPORE 160071,BUKIT MERAH
NTUC FP Square 2,307506,10 SINARAN DRIVE NOVENA MEDICAL CENTRE SINGAPORE 307506,NOVENA
NTUC FP Hougang Point,538692,1 HOUGANG STREET 91 HOUGANG 1 SINGAPORE 538692,HOUGANG
NTUC FP Coronation,269707,587 BUKIT TIMAH ROAD CORONATION SHOPPING PLAZA SINGAPORE 269707,BUKIT TIMAH
NTUC FairPrice Zhongshan Mall,329984,20 AH HOOD ROAD RAMADA SINGAPORE AT ZHONGSHAN PARK SINGAPORE 329984,NOVENA
NTUC FairPrice Wisteria Mall,768698,598 YISHUN RING ROAD WISTERIA MALL SINGAPORE 768698,YISHUN
NTUC FairPrice VivoCity,98585,1 HARBOURFRONT WALK GOLDEN VILLAGE (GV VIVOCITY) SINGAPORE 098585,BUKIT MERAH
NTUC FairPrice Paya Lebar Quarter,409057,10 PAYA LEBAR ROAD PAYA LEBAR QUARTER SINGAPORE 409057,GEYLANG
NTUC FairPrice Hougang Street 21,530202,202 HOUGANG STREET 21 KINDERLAND PRESCHOOL SINGAPORE 530202,HOUGANG
NTUC FairPrice Compassvale Link,543277,277C COMPASSVALE LINK ASPELLA SINGAPORE 543277,SENGKANG
NTUC FairPrice Canberra Plaza,750133,133 CANBERRA VIEW CANBERRA PLAZA SINGAPORE 750133,SEMBAWANG
NTUC FairPrice Bukit Timah Plaza,588996,1 JALAN ANAK BUKIT BUKIT TIMAH PLAZA SINGAPORE 588996,BUKIT TIMAH
NTUC FairPrice Bishan Street 13,570510,510 BISHAN STREET 13 SINGAPORE 570510,BISHAN
NTUC FairPrice Bedok North Street 1,460212,212 BEDOK NORTH STREET 1 SINGAPORE 460212,BEDOK
NTUC FairPrice Anchorvale Village,540339,339 ANCHORVALE ROAD ANCHORVALE VILLAGE SINGAPORE 540339,SENGKANG
Hin Teck Leong Trading Company - Whampoa Drive,320074,74 WHAMPOA DRIVE WHAMPOA COURT SINGAPORE 320074,NOVENA
Hao Mart Geylang Lorong 24,389407,448A GEYLANG ROAD GEYLANG CONSERVATION AREA SINGAPORE 389407,GEYLANG
Giant Sembawang Shopping Centre,758459,604 SEMBAWANG ROAD MY FIRST SKOOL SINGAPORE 758459,SEMBAWANG
NTUC FairPrice Greenridge Shopping Centre,671524,524A JELAPANG ROAD AMAZING STAR MONTESSORI HOUSE (GREENRIDGE) SINGAPORE 671524,BUKIT PANJANG
Giant Edgefield Plains,820671,671 EDGEFIELD PLAINS WATERWAY BANKS SINGAPORE 820671,PUNGGOL
Giant Buangkok Crescent,530982,982 BUANGKOK CRESCENT SINGAPORE 530982,HOUGANG
Chua Seng Dept Store,469526,343 BEDOK ROAD SINGAPORE 469526,BEDOK
Chop Yeo Thong Heng (International Plaza),79903,10 ANSON ROAD CONSULATE-GENERAL OF THE REPUBLIC OF MALTA SINGAPORE 079903,DOWNTOWN CORE
Choice Decor Bedok North,460416,416 BEDOK NORTH AVENUE 2 GARDEN HILL SINGAPORE 460416,BEDOK
China Square Betting Centre - Level 2,48441,51 TELOK AYER STREET CHINA SQUARE FOOD CENTRE SINGAPORE 048441,DOWNTOWN CORE
Cheers Bedok North Street 3,460539,539 BEDOK NORTH STREET 3 SINGAPORE 460539,BEDOK
Bukit Merah Betting Centre - Lottery Lobby (Public),150169,169 JALAN BUKIT MERAH CONNECTION ONE (TOWER 2) SINGAPORE 150169,BUKIT MERAH
7-Eleven Store Upper Thomson Road,787113,912 UPPER THOMSON ROAD SINGAPORE 787113,YISHUN
7-Eleven Store Clementi Street 11,120109,109 CLEMENTI STREET 11 SUNSET WAY RESIDENCE SINGAPORE 120109,CLEMENTI
7-Eleven Erskine Rd,69320,7B ERSKINE ROAD TELOK AYER CONSERVATION AREA SINGAPORE 069320,OUTRAM
7-Eleven Balestier Rd,329722,271 BALESTIER ROAD VICTORY POINT SINGAPORE 329722,NOVENA
Xie Sheng Departmental Service Company - City Plaza,409286,810 GEYLANG ROAD CITY PLAZA SINGAPORE 409286,GEYLANG
Thiam Hoon Traders,150123,123 BUKIT MERAH LANE 1 SINGAPORE 150123,BUKIT MERAH
Singapore Pools Woodlands Centre,731001,manual,WOODLANDS
Singapore Pools Upp Serangoon Branch,534766,1028 UPPER SERANGOON ROAD TAI PENG GARDENS SINGAPORE 534766,HOUGANG
Singapore Pools Rochor Centre Branch,180001,manual,ROCHOR
Singapore Pools Commonwealth Crescent Branch,140116,116 COMMONWEALTH CRESCENT SINGAPORE 140116,QUEENSTOWN
Sheng Siong Woodlands Drive 16,730573,573 WOODLANDS DRIVE 16 WOODLANDS GLEN SINGAPORE 730573,WOODLANDS
Sheng Siong Tampines Avenue 9,521602,602A TAMPINES AVENUE 9 TAMPINES GREENRIDGES SINGAPORE 521602,TAMPINES
Sheng Siong Senja Close,670643,643 SENJA CLOSE SENJA VALLEY SINGAPORE 670643,BUKIT PANJANG
Sheng Siong Jalan Berseh,209037,1 JALAN BERSEH SINGAPORE 209037,ROCHOR
Sheng Siong Clementi Avenue 6,121209,209A CLEMENTI AVENUE 6 CLEMENTI NORTHARC SINGAPORE 121209,CLEMENTI
Sheng Siong Canberra Street,750105,105 CANBERRA STREET EASTBROOK @ CANBERRA SINGAPORE 750105,SEMBAWANG
Shell Station Tuas South Avenue 5,637365,121 TUAS SOUTH AVENUE 5 SINGAPORE 637365,TUAS
Seng Yeok Chan Agency,560338,338 ANG MO KIO AVENUE 1 SINGAPORE 560338,ANG MO KIO
Rangoon Betting Centre - Lottery Lobby (Public),210677,677 RANGOON ROAD SINGAPORE 210677,KALLANG
Prime Bidadari,340106,106 BIDADARI PARK DRIVE ALKAFF VISTA SINGAPORE 340106,TOA PAYOH
Poon Long Heng,760716,716 YISHUN STREET 71 AAVC-ANIMAL & AVIAN VETERINARY CLINIC SINGAPORE 760716,YISHUN
Hao Mart Punggol Walk,823308,308C PUNGGOL WALK WATERWAY TERRACES I SINGAPORE 823308,PUNGGOL
NTUC FairPrice The Woodgrove,739065,30 WOODLANDS AVENUE 1 THE WOODGROVE SINGAPORE 739065,WOODLANDS
NTUC FairPrice Tampines North Drive 2,520633,633 TAMPINES NORTH DRIVE 2 TAMPINES GREENCOURT SINGAPORE 520633,TAMPINES
NTUC FairPrice Sengkang East Drive,542170,170B SENGKANG EAST DRIVE RIVERVALE SHORES SINGAPORE 542170,SENGKANG
NTUC FairPrice Killiney Road,239571,131 KILLINEY ROAD CGH BUILDING SINGAPORE 239571,RIVER VALLEY
Majestic Betting Centre - Lottery Lobby (Public),59810,80 EU TONG SEN STREET THE MAJESTIC SINGAPORE 059810,OUTRAM
Lee Wah TV & Electric Co,389561,623A GEYLANG ROAD GEYLANG CONSERVATION AREA SINGAPORE 389561,GEYLANG
Keppel Credit Union Co-operative Ltd,150001,1 JALAN BUKIT MERAH BRICKWORKS ESTATE SINGAPORE 150001,BUKIT MERAH
Hao Mart Westgate,608532,3 GATEWAY DRIVE MY FIRST SKOOL SINGAPORE 608532,JURONG EAST
Giant Tanjong Katong,400845,845 GEYLANG ROAD TANJONG KATONG COMPLEX SINGAPORE 400845,GEYLANG
Giant Plantation Plaza,690127,127 PLANTATION CRESCENT PLANTATION PLAZA SINGAPORE 690127,TENGAH
Geylang International FC,469642,1 BEDOK NORTH STREET 2 BEDOK STADIUM SINGAPORE 469642,BEDOK
Fortune Supermarket Sembawang Drive,750463,463 SEMBAWANG DRIVE SEMBAWANG RIVERLODGE SINGAPORE 750463,SEMBAWANG
Food Republic i12 Katong,428802,112 EAST COAST ROAD 112 KATONG SINGAPORE 428802,MARINE PARADE
Cold Storage Aperia Mall,339511,12 KALLANG AVENUE JOSIAH BABIES (APERIA) SINGAPORE 339511,KALLANG
Choice Decor Co-Operative Society Ltd,570022,22 SIN MING ROAD SINGAPORE 570022,BISHAN
Cheers Woodlands Centre,731005,manual,WOODLANDS
Cheers Northshore Plaza II,820418,418 NORTHSHORE DRIVE NORTHSHORE PLAZA II SINGAPORE 820418,PUNGGOL
Cheers Maude Rd,208358,87 MAUDE ROAD DESKER ROAD CONSERVATION AREA SINGAPORE 208358,KALLANG
Bedok Betting Centre - Lottery Lobby (Public),460215,215 BEDOK NORTH STREET 1 SINGAPORE 460215,BEDOK
ACE Signature Geylang Road,389409,450 GEYLANG ROAD GEYLANG CONSERVATION AREA SINGAPORE 389409,GEYLANG
7-Eleven Store Tai Thong Crescent,347857,27 TAI THONG CRESCENT SENNETT ESTATE SINGAPORE 347857,TOA PAYOH
7-Eleven Store Esplanade MRT Station,189562,90 BRAS BASAH ROAD ESPLANADE MRT STATION (CC3) SINGAPORE 189562,DOWNTOWN CORE
7-Eleven Store Bedok Road,469539,351 BEDOK ROAD SINGAPORE 469539,BEDOK
7-Eleven Kim Tian,169247,8A KIM TIAN ROAD KAI FOOK MANSION SINGAPORE 169247,BUKIT MERAH
108 LIV@Changi/ 933 Upper Changi Road North #01-01,506785,933 UPPER CHANGI ROAD NORTH LIV@CHANGI SINGAPORE 506785,PASIR RIS
109 New Tech Park/151 Lorong Chuan #01-22 ACE Sign,556741,151 LORONG CHUAN MINDCHAMPS PRESCHOOL @ SERANGOON PTE. LIMITED SINGAPORE 556741,SERANGOON
212 SingPost Centre/ 10 Eunos Road 8 #B1-101 to 10,408600,10 EUNOS ROAD 8 GENERAL POST OFFICE SINGAPORE 408600,GEYLANG
254 11 Bukit Batok West Avenue 3 Shell Station Buk,659166,11 BUKIT BATOK WEST AVENUE 3 SHELL BUKIT BATOK ROAD SINGAPORE 659166,BUKIT BATOK
258 Block 212 Bidadari Park Drive #03-10 Sheng Sio,360212,212 BIDADARI PARK DRIVE WOODLEIGH HILLSIDE SINGAPORE 360212,TOA PAYOH
290 Block 537 Bedok North Street 3 #01-573 Tan Wee,460537,537 BEDOK NORTH STREET 3 SINGAPORE 460537,BEDOK
291 33 Jalan Buroh Smart Energy Jalan Buroh 619487,619487,33 JALAN BUROH SMART ENERGY JALAN BUROH SINGAPORE 619487,BOON LAY
292 50 Old Toh Tuck Road Cnergy Old Toh Tuck Road,597657,50 OLD TOH TUCK ROAD CNERGY CNG STATION SINGAPORE 597657,CLEMENTI
293 Block 215C Compassvale Drive #01-01 U Stars Co,543215,215C COMPASSVALE DRIVE COMPASSVALE MAST SINGAPORE 543215,SENGKANG
Premier Security Co-operative Ltd,560555,555 ANG MO KIO AVENUE 10 CHENG SAN PLACE SINGAPORE 560555,ANG MO KIO
Giant Greenridge Shopping Centre,671524,524A JELAPANG ROAD AMAZING STAR MONTESSORI HOUSE (GREENRIDGE) SINGAPORE 671524,BUKIT PANJANG
Tampines Rovers Football Club,520824,824 TAMPINES STREET 81 SINGAPORE 520824,TAMPINES
