outlet_name,neighborhood_type,wins,expected_wins,std_residual,p_two,p_adj,significant
Cheers Changi Village Road,residential,96,1.8,70.88,1.939697790258946e-127,7.235072757665869e-125,True
7-Eleven Store Sixth Avenue,mixed,48,0.5,66.44,9.784533878101071e-76,9.124077841329248e-74,True
Kis Store,residential,88,2.2,58.26,5.176253687914479e-106,9.653713127960504e-104,True
Singapore Pools Siglap Branch,residential,58,1.3,49.68,1.0607905164574951e-72,7.913497252772914e-71,True
NTUC FairPrice NEX,residential,119,20.5,21.79,5.552026063337415e-50,3.451509536041426e-48,True
Singapore Pools Empress Road Branch,residential,31,2.0,20.71,4.514044303392988e-26,1.0523365782284903e-24,True
Giant Beauty World Centre,residential,45,4.5,19.0,7.13264015809969e-29,2.2170623158093205e-27,True
Singapore Pools Cheong Chin Nam Road Branch,residential,45,4.7,18.67,2.2606571166402156e-28,6.486346957744618e-27,True
7-Eleven Store Yishun Ring Road,residential,158,43.3,17.42,9.24030927156674e-41,4.3082941978679925e-39,True
Tong Aik Huat,residential,228,77.1,17.18,1.1938028812011095e-43,6.361263924114484e-42,True
NTUC FP Coronation,residential,33,3.1,17.09,1.3600274300515852e-22,2.4156677686154346e-21,True
Singapore Pools Jurong West N4 Branch,residential,120,31.9,15.61,1.5132917506067963e-32,6.271753588625945e-31,True
Singapore Pools Yishun N1 Branch,residential,118,33.7,14.51,2.62619407330103e-29,8.90518535764804e-28,True
Singapore Pools Jurong West N5 Branch,residential,138,43.9,14.19,1.8387201551940164e-29,6.858426178873681e-28,True
Singapore Pools Jurong East Branch,residential,98,26.2,14.03,1.1476646444813532e-26,3.0577065170824627e-25,True
Singapore Pools Clementi Town Centre Branch,residential,113,34.2,13.46,4.230484715624114e-26,1.0519805326185297e-24,True
Cheers Harbourfront Centre,mixed,79,20.2,13.1,6.214156017208621e-23,1.1589400972094078e-21,True
NTUC FairPrice Bukit Timah Plaza,residential,43,7.5,12.98,8.828490628119416e-19,1.2665488478032853e-17,True
NTUC FairPrice AMK Hub,residential,121,39.7,12.91,5.798326672103036e-25,1.2722210874673132e-23,True
Singapore Pools Serangoon Central Branch,residential,88,25.3,12.48,4.2198055589975844e-22,7.154488515936814e-21,True
Singapore Pools Ang Mo Kio N6 Branch,residential,85,25.2,11.9,1.606406862312176e-20,2.4966239985101737e-19,True
Singapore Pools Lucky Plaza Branch,mixed,75,21.5,11.56,3.9025414382012546e-19,5.822591825796272e-18,True
7-Eleven Jalan Leban,residential,44,9.2,11.5,2.1898200904698502e-16,2.4751602840765276e-15,True
Singapore Pools People's Park Centre (Chinatown) Branch,commercial,169,72.5,11.32,7.026285526178138e-22,1.1394802179410634e-20,True
NTUC FairPrice Parkway Parade,residential,28,4.7,10.82,3.6926181161760303e-13,3.0607701274081317e-12,True
Tan Boon Tin Agency,residential,59,16.5,10.49,8.141765233966138e-16,8.676795520769627e-15,True
Singapore Pools Teck Whye Branch,residential,102,40.3,9.72,6.024115220664025e-16,6.608808756787297e-15,True
Delisia Agency Pte Ltd,commercial,196,99.6,9.66,2.0281896057327793e-17,2.4403700739946023e-16,True
Singapore Pools Whampoa Drive Branch,residential,104,42.4,9.46,2.179204306898006e-15,2.257897795758212e-14,True
NTUC FairPrice The Woodleigh Mall,residential,20,3.4,9.04,1.2524252733403038e-09,7.534752047676344e-09,True
Singapore Pools Bukit Panjang Branch,residential,102,43.3,8.91,4.911481307859117e-14,4.579956319578627e-13,True
Singapore Pools Clementi N3 Branch,residential,87,35.0,8.79,2.1412814080792584e-13,1.9016618219370556e-12,True
PFG Framing & Trading,residential,117,54.8,8.39,4.252987918762664e-13,3.4486184645618994e-12,True
Tan Wee Fong Trading,residential,142,74.0,7.91,2.9066336831120886e-12,2.168348727601618e-11,True
Chua Hong Kim Trading,residential,74,30.8,7.78,6.168116551074465e-11,4.260569395464399e-10,True
NTUC FairPrice Jurong Gateway Road,mixed,122,61.7,7.68,1.687897935713526e-11,1.2107421731175869e-10,True
Singapore Pools Jalan Tiga Branch,residential,77,33.0,7.65,9.579955776316153e-11,6.268988604501623e-10,True
Singapore Pools Clementi N7 Branch,residential,101,48.8,7.47,8.921516824728275e-11,5.942367456470798e-10,True
NTUC FairPrice Thomson Plaza,residential,73,31.3,7.46,2.832493486812639e-10,1.790711984035787e-09,True
Singapore Pools Tanjong Pagar Branch,mixed,122,63.9,7.27,1.4035269846187326e-10,9.026130435565298e-10,True
NTUC FairPrice Clementi Avenue 3,residential,81,36.9,7.25,5.239985739863083e-10,3.204122427817918e-09,True
Cheng Chew Wah Agency - Marine Terrace,residential,60,24.6,7.14,2.3448812556731283e-09,1.3456010897939644e-08,True
Giant Parkway Parade,residential,47,17.4,7.09,7.000692248686211e-09,3.6267475121666065e-08,True
NTUC FairPrice Marine Parade Central,residential,63,26.9,6.98,3.989088433415026e-09,2.2207910233788128e-08,True
Livewire Marina Bay Sands,commercial,57,23.4,6.96,5.953342879255477e-09,3.1722812770889905e-08,True
Singapore Pools Jalan Batu Branch,residential,41,14.6,6.93,2.0995169312987496e-08,1.0304208097032021e-07,True
NTUC FairPrice Eastpoint Mall,residential,80,38.8,6.6,9.994952345265407e-09,5.037996249708104e-08,True
Singapore Pools Chinatown Point Branch,commercial,92,48.3,6.29,2.8932071762671374e-08,1.401514645126808e-07,True
Tay Sui Lan Agency,commercial,123,71.6,6.08,4.329974829697155e-08,2.070616168560306e-07,True
Singapore Pools Ang Mo Kio N7 Branch,residential,88,47.0,5.99,1.1834505668794279e-07,5.449716807975637e-07,True
Tampines Trading - 828,residential,111,64.1,5.86,1.390402702723055e-07,6.324636684337799e-07,True
Livewire (Resorts World Sentosa),commercial,63,31.1,5.72,6.657959367083151e-07,2.614125098865279e-06,True
Singapore Pools Choa Chu Kang Branch,residential,95,53.4,5.7,3.5402571924378644e-07,1.4672399253103594e-06,True
Singapore Pools Holland Drive Branch,residential,93,52.4,5.61,5.20624221598838e-07,2.088094996305017e-06,True
Singapore Pools Lorong 25A Geylang Branch,residential,102,59.2,5.56,5.693850252130881e-07,2.2593682383455514e-06,True
NTUC FP Square 2,residential,32,12.5,5.51,5.758445657701554e-06,1.935045252542955e-05,True
Gerk Chwee Trading,residential,69,36.2,5.46,1.5615783169419416e-06,5.824687122193442e-06,True
NTUC FairPrice Yishun Ring Road,residential,73,39.7,5.29,2.7601381302437342e-06,9.899341563278008e-06,True
NTUC FairPrice Tampines Mall,residential,125,78.5,5.25,1.6103831905613314e-06,5.947256733459174e-06,True
Singapore Pools Bukit Gombak Branch,residential,74,41.1,5.14,4.817213822415411e-06,1.6637229220008778e-05,True
Singapore Pools LOT One Branch,residential,27,10.5,5.11,2.7972857181270994e-05,8.552357154601706e-05,True
Mee Lee Cheong Pte. Ltd.,residential,114,71.4,5.04,4.201523271179834e-06,1.4646431590187645e-05,True
NTUC FairPrice Yishun MRT Station,residential,103,64.3,4.83,1.0818859267506998e-05,3.5090734841566175e-05,True
Clifford Gift Shop,residential,111,70.6,4.81,1.0918743757045997e-05,3.510940880498411e-05,True
Springdale Garments Co,residential,88,53.2,4.76,1.605035103186786e-05,5.0735431651582304e-05,True
NTUC FairPrice Clementi Avenue 2,residential,62,34.3,4.73,2.7021106852874535e-05,8.329646988530745e-05,True
Singapore Pools Ang Mo Kio N2 Branch,residential,82,50.3,4.47,5.0738628666334174e-05,0.00015386592270359877,True
NTUC FairPrice New Upper Changi Road,residential,66,38.6,4.41,7.465236740816154e-05,0.00020780099286003175,True
NTUC FairPrice White Sands,residential,81,50.1,4.37,7.305173697105114e-05,0.00020487442022708326,True
Singapore Pools Northpoint City Branch,residential,17,6.2,4.35,0.0004909618907617071,0.001245774049347733,True
Singapore Pools Changi Road Branch,residential,31,14.5,4.34,0.00021921502882335715,0.0005799092606461859,True
7-Eleven Store Eunos Crescent,residential,98,63.9,4.26,9.07459120751245e-05,0.0002488840088530988,True
Cheers New Upper Changi Road,residential,51,28.7,4.17,0.00020932840397783195,0.0005617229833361965,True
Singapore Pools Bedok Town Centre Branch,residential,79,49.8,4.13,0.0001664484180303428,0.00045317707974684566,True
NTUC FairPrice Kallang Wave Mall,mixed,17,6.5,4.1,0.0009038046243236798,0.0022178889794258723,True
Singapore Pools Toa Payoh Lorong 1 Branch,residential,87,56.6,4.05,0.00020588312593537912,0.0005564812027093942,True
NTUC FairPrice Jem,mixed,65,40.2,3.92,0.00038669158132132825,0.0010086430757542339,True
NTUC FairPrice Toa Payoh HDB Centre,residential,91,61.3,3.8,0.00045718645377569735,0.0011751105527608233,True
NTUC FairPrice E!Hub @ Downtown East,residential,27,13.3,3.76,0.0012410767571556125,0.0029674463488400223,True
Singapore Pools Bencoolen Branch,commercial,68,45.4,3.35,0.002126843395771338,0.00477899148567897,True
Dawn Florist - Aljunied Avenue 2,residential,8,2.6,3.29,0.011796784393789577,0.021675864920608433,True
Hock Soon Ann,residential,27,14.5,3.28,0.0042233797590210155,0.008850116011881118,True
Singapore Pools Ang Mo Kio N4 Branch,residential,84,58.8,3.28,0.0023506884419160043,0.0052190880287777955,True
Kim Chwee Trading,residential,74,51.5,3.13,0.0037253146950136035,0.00806666663795659,True
Tuck Lee Long,residential,63,42.6,3.13,0.0039854064104716735,0.008446344267647354,True
STC Racecourse - Kranji 1,mixed,7,2.3,3.07,0.01967885895775539,0.03382587277070396,True
NTUC FairPrice Hillion Mall,residential,30,17.2,3.07,0.006611904112206291,0.012951127127347016,True
Ng Nam Thye Trading - Ang Mo Kio Avenue 3,residential,32,18.8,3.04,0.006929987994927113,0.01339318923371924,True
Singapore Pools Lorong Lew Lian Branch,residential,40,24.9,3.01,0.00663181040569244,0.012951127127347016,True
Singapore Pools Hougang N2 Branch,residential,90,65.8,2.98,0.0052931065488047695,0.010788681654121198,True
Cheers Hougang Central,residential,79,56.6,2.97,0.005732335007780148,0.01137319658458508,True
Goh Geok Kwee Agency - Bukit Merah,residential,25,14.0,2.95,0.009801421095693362,0.018371507882882533,True
Everstream Trading,residential,93,68.7,2.93,0.006087662088825758,0.012014274916042369,True
NTUC FairPrice Limbang Shopping Centre,residential,51,34.0,2.91,0.007887953113537705,0.015088238519741353,True
7-Eleven Store Owen Road,residential,48,31.9,2.84,0.0094750171058311,0.01794000700748731,True
NTUC FairPrice Lot 1 Shoppers' Mall,residential,63,44.1,2.84,0.008686454888530879,0.016530855476642948,True
NTUC FairPrice VivoCity,mixed,13,6.1,2.83,0.018820609199519986,0.032804145941219415,True
S E Store,residential,44,28.8,2.83,0.010211082903157755,0.018948924989442003,True
Soh Choo Trading,residential,70,50.2,2.79,0.009536369564809605,0.017964979028656475,True
NTUC FairPrice Hougang Street 21,residential,43,28.4,2.74,0.012654994570265338,0.02313878909171064,True
Singapore Pools Woodlands 888 Branch,residential,103,78.8,2.73,0.010083415277362262,0.018805569492280617,True
Singapore Pools Ghim Moh Branch,residential,63,45.3,2.62,0.014941510529167236,0.026923591436615355,True
Lee Eng Trading Store,residential,109,85.0,2.6,0.013946885873008415,0.02537652892991287,True
Nan Huat Wine Store,residential,93,71.7,2.51,0.017971353278464493,0.031522915854686064,True
Jake Merchandise Associates,residential,91,70.1,2.49,0.019019398401501915,0.032996444668652154,True
NTUC FairPrice Jurong Point,mixed,118,93.8,2.49,0.018001021654284535,0.031522915854686064,True
7-Eleven Store Plaza Singapura,mixed,48,34.7,2.26,0.03742676966139426,0.06096150691572078,False
NTUC FairPrice Yew Tee Point,residential,79,61.4,2.24,0.03497605255974809,0.057219594757833496,False
Singapore Pools Suntec City Branch,commercial,73,56.4,2.21,0.03826892730727889,0.06206221689397838,False
Cold Storage Northpoint,residential,52,38.8,2.12,0.04879035249070329,0.07810644411601858,False
Singapore Pools Teban Gardens Branch,mixed,64,49.6,2.04,0.055924571245318445,0.08876538329576077,False
Seah Geok Eng Agency - Rivervale Plaza,residential,103,84.4,2.03,0.054312502819327084,0.086575057912859,False
NTUC FairPrice Sun Plaza,residential,87,70.9,1.91,0.07022033262818081,0.10778676572144627,False
Singapore Pools Canberra Branch,residential,64,50.5,1.9,0.0752698382756293,0.1145944884767744,False
Giant Sunshine Place,residential,51,39.2,1.89,0.07909626540634604,0.11944496759743754,False
Tan Ah Leck Trading - Jurong East Street 31,residential,10,5.6,1.87,0.11553866235021051,0.16511847148133532,False
Cheng Chew Wah Agency - Bedok South Road,residential,26,18.3,1.81,0.10277242476574312,0.14915997835650655,False
Singapore Pools Bishan N2 Branch,residential,66,52.9,1.8,0.09025876470711164,0.13359729855457397,False
Cold Storage Compass One,residential,73,59.6,1.74,0.10131171163761601,0.1476143298469952,False
NTUC FairPrice Seletar Mall,residential,21,14.4,1.72,0.12388584864975319,0.17637183796319825,False
Singapore Pools Pasir Ris N2 Branch,residential,98,83.3,1.62,0.12441704581014652,0.17645459348739412,False
Singapore Pools Woodlands N5 Branch,residential,67,55.8,1.5,0.15922696999370256,0.22161067092407108,False
Singapore Pools Ang Mo Kio N2A Branch,residential,61,50.4,1.5,0.15896223065802778,0.22161067092407108,False
Singapore Racecourse - MRT Plaza (Public),mixed,2,0.7,1.47,0.33768357901807405,0.4298838736305175,False
Tan Ah Leck Trading - Bukit Batok Street 11,residential,84,71.6,1.47,0.16383091333460847,0.2271707459992898,False
Sheng Siong Sengkang West Ave,residential,17,12.1,1.41,0.213423538714504,0.2884310867409782,False
NTUC FairPrice Anchorvale Village,residential,2,0.8,1.37,0.3703961454927488,0.4620660945444659,False
NTUC FairPrice Hougang Mall,residential,71,60.7,1.32,0.21304169176293725,0.2884310867409782,False
Singapore Pools Balestier Road Branch,residential,28,21.9,1.3,0.2356875067049243,0.3117426950387829,False
Singapore Pools Bukit Batok Central Branch,residential,94,82.6,1.25,0.23309172617600943,0.30940645503078834,False
Lucky Hill,residential,37,30.3,1.22,0.26173712274017585,0.34135645728001957,False
NTUC FairPrice Telok Blangah Street 32,residential,39,32.2,1.21,0.2657401040795697,0.34536954293268124,False
Teo Sook Cheng Agency,residential,120,107.7,1.18,0.2576058308409351,0.3383344186748901,False
Prime Admiralty Place,residential,17,12.8,1.17,0.3009106927187845,0.38834647474152534,False
NTUC FairPrice Zhongshan Mall,residential,6,3.7,1.17,0.35087596978378416,0.44364995501475085,False
Cheers Northshore Plaza II,residential,6,3.8,1.16,0.35556937779012293,0.4480654659314725,False
NTUC FairPrice Punggol Plaza,residential,64,55.8,1.1,0.30193157553630656,0.38834647474152534,False
Tampines Trading - 824,residential,22,17.4,1.1,0.323460820244063,0.413187965585738,False
Singapore Pools Woodlands N3 Branch,residential,65,57.0,1.05,0.3230502805024429,0.413187965585738,False
Singapore Pools Great World City Branch,residential,26,21.4,1.0,0.3658234851571495,0.45789315424032473,False
Rangoon Provision Shop,residential,76,68.5,0.9,0.39516247523063236,0.4864541361750029,False
7-Eleven Store McCallum Street,commercial,63,56.9,0.81,0.4519921109930701,0.5456086000013435,False
Singapore Pools Potong Pasir Branch,residential,40,35.3,0.79,0.47054267820282175,0.5607425526186981,False
Singapore Pools Tampines Mart Branch,residential,66,59.9,0.79,0.4648432731665165,0.5575129932190054,False
Singapore Pools IMM Branch,commercial,71,64.7,0.78,0.4678675109004789,0.5593416075829444,False
NTUC FairPrice Wisteria Mall,residential,14,11.5,0.75,0.5254691017473602,0.6124999217242667,False
Chuan Hao Departmental Store,residential,28,24.5,0.71,0.5276592199290063,0.6131367259611195,False
Nel's Store,residential,52,47.2,0.7,0.5216378459444229,0.6099401772328205,False
Sheng Siong Canberra Street,residential,4,2.9,0.68,0.6392449081453907,0.7203575551003949,False
7-Eleven Store Bedok North Street 2,residential,48,43.9,0.62,0.5764304227452517,0.6595354223434935,False
NTUC FairPrice Bedok North Street 1,residential,91,85.2,0.62,0.5609657733062374,0.6458031896395882,False
Singapore Pools Bukit Batok N3 Branch,residential,34,30.6,0.61,0.5859104340603046,0.6642692763054517,False
Singapore Pools Toa Payoh Lorong 8 Branch,residential,67,62.3,0.6,0.5821727233324845,0.6620439811067582,False
Seah Koon Huat - Bukit Merah View,residential,81,75.8,0.6,0.5807293149955636,0.6620439811067582,False
Singapore Pools King George's Ave Branch,mixed,97,91.3,0.6,0.574463885911563,0.6593077829077324,False
Shell Station Geylang Road,mixed,1,0.6,0.55,0.87992317790031,0.9142377307989294,False
Singapore Pools Commonwealth Crescent Branch,residential,44,40.9,0.48,0.6689126246733695,0.747019188632236,False
Cheng Tai Boon Beng,mixed,47,43.9,0.47,0.679787142166275,0.7541235352629446,False
Li Thoe Trading,residential,94,89.7,0.45,0.6813394943260385,0.7541235352629446,False
NTUC FairPrice Tanjong Pagar Plaza,mixed,81,77.1,0.45,0.6843224231719679,0.7551842125536805,False
Singapore Pools Hougang N1 Branch,mixed,132,127.0,0.44,0.6810342113271186,0.7541235352629446,False
Singapore Pools Bedok North Branch,residential,51,48.4,0.38,0.744004813079267,0.8114438458437621,False
NTUC FairPrice Woodlands Civic Centre,residential,61,58.5,0.33,0.7767923612311681,0.842277763776819,False
Cheers Woodlands Centre,residential,42,39.9,0.33,0.7847346773806618,0.845971198447939,False
Uni-Foto Pte Ltd,mixed,43,41.0,0.32,0.7924716749916674,0.8494021114134827,False
Xie Sheng Departmental Service Company - City Plaza,residential,1,0.8,0.25,1.0,1.0,False
7-Eleven Store Changi Road,residential,45,43.3,0.25,0.8401806805233194,0.887901787946001,False
NTUC FairPrice Killiney Road,mixed,37,35.5,0.25,0.8450539804847998,0.887901787946001,False
Clifford Gift Shop - Ang Mo Kio Avenue 10,residential,1,0.8,0.23,1.0,1.0,False
Li Li Cheng Supermarket (Punggol) Pte Ltd,residential,29,27.9,0.21,0.8825212244649216,0.9143900464594883,False
NTUC FairPrice Le Quest,residential,10,9.6,0.13,0.9779441938770056,1.0,False
NTUC FairPrice Punggol Oasis Terraces,residential,24,23.7,0.07,1.0,1.0,False
Metro Woodlands,residential,63,63.2,-0.03,1.0,1.0,False
Singapore Pools Yishun N7 Branch,residential,39,39.2,-0.04,1.0,1.0,False
Prime Buangkok Square,residential,11,11.4,-0.11,1.0,1.0,False
Singapore Pools Yishun N4 Branch,residential,59,60.5,-0.2,0.9117008994022447,0.9420067464737876,False
Sheng Siong Tanglin Halt Road,residential,26,27.2,-0.22,0.9231309506220139,0.9511818911105282,False
NTUC FairPrice Bukit Merah Central,residential,76,78.3,-0.26,0.8567803904947204,0.8976940608273335,False
7-Eleven Store Esplanade MRT Station,commercial,11,11.9,-0.27,0.9411998413474525,0.9671282116325063,False
Prime Punggol Field,residential,71,73.3,-0.27,0.8437714682364429,0.887901787946001,False
Lee Ah Lan Trading,residential,27,28.5,-0.28,0.8764294747753575,0.9131513801430401,False
Singapore Pools Anchorvale Road Branch,residential,53,55.2,-0.29,0.8370857750199007,0.887901787946001,False
NTUC FairPrice Bedok North Street 4,residential,60,62.5,-0.31,0.8179721559607086,0.8742223901815024,False
Singapore Pools Sim Lim Square Branch,mixed,67,69.9,-0.34,0.790777747113794,0.8494021114134827,False
Giant Plantation Plaza,residential,2,2.6,-0.4,1.0,1.0,False
Fortune Supermarket Sembawang Drive,mixed,1,1.5,-0.41,1.0,1.0,False
NTUC FairPrice Canberra Plaza,residential,8,9.3,-0.41,0.8449992786918908,0.887901787946001,False
NTUC FairPrice Bukit Panjang Plaza,residential,60,63.5,-0.43,0.7243433928886565,0.7923169664148646,False
Evercool Engineering,residential,70,73.7,-0.44,0.7182379130155565,0.7879492398670663,False
Singapore Pools Funan Branch,commercial,18,20.0,-0.46,0.7556207568721975,0.8217100358989204,False
Laura's Gifts,residential,84,88.3,-0.46,0.6940625814915703,0.7636735778653561,False
NTUC FairPrice Tampines North Drive 2,residential,1,1.6,-0.49,1.0,1.0,False
Cold Storage Aperia Mall,mixed,2,3.0,-0.56,0.864634548680733,0.9033856769129227,False
ACE Signature Geylang Road,residential,2,3.0,-0.6,0.827589178210173,0.8819736099211273,False
Sheng Siong Serangoon North Avenue 5,residential,7,8.9,-0.64,0.6663567454722105,0.7463995977811847,False
Giant Paya Lebar Square,residential,29,33.2,-0.72,0.5369235102176997,0.6200386046786439,False
Poon Long Heng,residential,26,30.0,-0.73,0.536288647586263,0.6200386046786439,False
NTUC FairPrice Greenridge Shopping Centre,residential,1,2.1,-0.73,0.7838749897058896,0.845971198447939,False
Singapore Pools Telok Blangah Branch,residential,45,50.2,-0.73,0.518598865922417,0.6082936383303822,False
Cheers Bedok North Street 3,residential,45,50.5,-0.77,0.4891214318991897,0.5799625464896546,False
7-Eleven Store Clementi Street 11,residential,20,23.8,-0.77,0.5157860209157822,0.6069027943267721,False
7-Eleven Store Bedok Road,residential,3,4.8,-0.81,0.5981286764586821,0.6760666555123891,False
NTUC FairPrice Compassvale Link,residential,12,15.2,-0.82,0.5050256857625345,0.5961220911057764,False
NTUC FairPrice Havelock Road,residential,36,41.4,-0.83,0.45671363750088295,0.5495296347994495,False
Sheng Siong Clementi Avenue 6,residential,1,2.3,-0.87,0.6499953335729725,0.7302658416346949,False
Afro Asia Co Pte Ltd,residential,39,44.9,-0.88,0.4234057503454264,0.516112238166157,False
Sheng Siong Woodlands Drive 16,residential,6,8.6,-0.89,0.48978070279957425,0.5799625464896546,False
Sheng Siong Junction 9,residential,20,24.4,-0.89,0.4396257560265617,0.532403918824375,False
Seng Yeok Chan Agency,residential,69,76.9,-0.9,0.4041776430978499,0.49428937991966565,False
NTUC FairPrice Tiong Bahru Plaza,residential,61,68.5,-0.91,0.3988555453948955,0.48938525800097377,False
U Stars Keat Hong Link,residential,11,14.6,-0.94,0.4297739988697188,0.5221684090501795,False
Ng Teo Guan Self Service,mixed,159,171.5,-0.95,0.3624625178075149,0.45521386916566686,False
Singapore Pools Fajar Road Branch,residential,45,51.9,-0.96,0.3759804901765396,0.464373254423342,False
NTUC FairPrice The Woodgrove,residential,33,39.1,-0.97,0.3747560398632552,0.464373254423342,False
Wanrise,mixed,92,102.0,-0.99,0.3458993196803209,0.43884505524067924,False
Hin Teck Leong Trading Company - Whampoa Drive,residential,16,20.6,-1.01,0.37179374731161047,0.46226355915743567,False
Ng Nam Thye Trading - Taman Jurong,mixed,33,40.6,-1.2,0.2598465994906145,0.3400799354736815,False
Pinthely Floral Centre,mixed,46,55.4,-1.26,0.22799094126563677,0.30544752661451435,False
Singapore Pools Lengkok Bahru Branch,residential,46,55.4,-1.26,0.22929036850419307,0.30544752661451435,False
Singapore Pools Silat Avenue Branch,residential,32,40.0,-1.27,0.2289656837514103,0.30544752661451435,False
Majestic Betting Centre - Lottery Lobby (Public),commercial,6,10.0,-1.27,0.25672427874998816,0.3383344186748901,False
Sheng Siong Senja Close,residential,2,4.9,-1.3,0.27281989850216853,0.353339660212878,False
Prime Keat Hong,residential,29,36.9,-1.3,0.21654955594694691,0.2915992215458888,False
NTUC FairPrice Boon Lay Place,residential,100,114.6,-1.36,0.18481340920827632,0.2525106286984874,False
Choice Decor Co-Operative Society Ltd,residential,42,51.8,-1.36,0.1920790450659513,0.26147986791824757,False
Singapore Pools New Upper Changi Branch,residential,63,75.3,-1.42,0.16767358777833186,0.2307926340255578,False
Cheers Haig Road,residential,33,42.5,-1.46,0.1587474376324552,0.22161067092407108,False
Hao Mart Punggol Walk,residential,4,8.3,-1.48,0.17234789867268135,0.23634472869452258,False
Jurong East Betting Centre - Lottery Lobby (Public),residential,2,5.6,-1.51,0.16768043919819348,0.2307926340255578,False
NTUC FairPrice Paya Lebar Quarter,residential,7,12.5,-1.55,0.1408781726043527,0.1982926731374474,False
Giant VivoCity,mixed,4,8.6,-1.57,0.13901190939104535,0.19640697804113605,False
NTUC FairPrice Dawson Place,residential,31,41.6,-1.65,0.10670959565327685,0.1538579311339886,False
Prime Joo Seng,mixed,7,13.0,-1.67,0.10683432751663016,0.1538579311339886,False
Prime Bidadari,residential,1,4.6,-1.69,0.10886559187770463,0.15618025296301472,False
A.P. Mini Mart - Bedok Reservoir Road,residential,21,30.3,-1.69,0.09779444193613267,0.14304834055755877,False
Prime Hougang,residential,5,10.6,-1.71,0.09630042553514981,0.1414175540339011,False
Prime Century Square,residential,15,23.3,-1.72,0.09142746675789508,0.13479227312527614,False
Sheng Siong Tampines Avenue 9,residential,7,13.4,-1.74,0.08986803553104328,0.13354891335888106,False
Prime Yishun Avenue 6,residential,6,12.1,-1.76,0.08631104390190505,0.12877607750164233,False
Giant Compassvale Bow,residential,39,51.7,-1.77,0.08007023306111363,0.12042821343465882,False
NTUC FairPrice Sengkang East Drive,mixed,1,5.0,-1.78,0.08259984368775604,0.1237339023916988,False
Sheng Siong Jalan Berseh,mixed,9,16.2,-1.79,0.07890821216234052,0.11944496759743754,False
Giant Sembawang Shopping Centre,residential,20,29.8,-1.8,0.075267776807258,0.1145944884767744,False
Xie Sheng Departmental Service Company,residential,72,89.3,-1.83,0.06899688415963584,0.1063464371551412,False
Singapore Pools Beo Crescent Branch,residential,50,64.9,-1.85,0.06604550160024504,0.10221980123191453,False
NTUC FairPrice Senja Road,residential,24,35.0,-1.86,0.06513576637076705,0.1012318369012338,False
Fatt Chye Heng Trading,mixed,117,138.9,-1.86,0.06419581080797888,0.10018844113546496,False
7-Eleven Balestier Rd,residential,2,6.9,-1.88,0.06167914293358166,0.09666521140431077,False
NTUC FairPrice Xpress Macpherson Road,mixed,54,69.9,-1.9,0.057931955474604155,0.09117560924906055,False
Sheng Siong Marsiling Mall,residential,7,14.2,-1.91,0.056287532358937735,0.08896292190628718,False
Chng Siow Eng Agency,residential,64,82.4,-2.02,0.042515649532061536,0.06835490204939204,False
U Stars Sumang Walk,residential,7,14.8,-2.02,0.040768194711576215,0.06582916288925511,False
Singapore Pools Peace Centre Branch,mixed,49,66.4,-2.13,0.03176333850583885,0.05219262230254578,False
Shell Station Tuas South Avenue 5,commercial,4,11.3,-2.17,0.02443975937026912,0.04069656359424278,True
Singapore Pools Toa Payoh Lorong 4 Branch,residential,53,71.5,-2.18,0.02757235452971557,0.04550658513090225,True
NTUC FairPrice Serangoon North Avenue 1,residential,69,90.1,-2.22,0.024957397552601627,0.04137381905386848,True
Livewire Singapore Pools,mixed,72,93.6,-2.23,0.02434260107544799,0.04069656359424278,True
Teo Khar Bee Agency,residential,56,75.4,-2.23,0.024069751029624217,0.0404415186218461,True
7-Eleven Store Sin Ming,residential,37,53.7,-2.28,0.020610107185611907,0.034943499910151096,True
Singapore Pools Gek Poh Shopping Centre (Jurong West N7) Branch,mixed,95,120.0,-2.28,0.02142075594643932,0.0361535835657098,True
Tampines Rovers Football Club,residential,32,47.9,-2.29,0.019669707050801965,0.03382587277070396,True
Singapore Pools Woodlands N8 Branch,mixed,82,105.7,-2.3,0.01990828641560508,0.0340632607019298,True
Giant Pioneer Mall,residential,54,73.7,-2.3,0.02000346629911223,0.03406983072862494,True
7-Eleven Big Mac Centre,residential,26,40.9,-2.33,0.017109440494190366,0.030245598598734626,True
Singapore Pools Yishun N2 Branch,residential,52,72.0,-2.36,0.016520348356373886,0.02934328541394028,True
Singapore Pools Rochor Centre Branch,mixed,56,76.7,-2.36,0.016456631974896992,0.02934328541394028,True
Singapore Pools Geylang Bahru Branch,mixed,44,62.9,-2.38,0.01543192310717288,0.027673592879689825,True
NTUC FairPrice Bukit Batok MRT Station,residential,66,88.7,-2.41,0.014359820654124791,0.026001034485381297,True
Singapore Pools Everton Park Branch,mixed,34,51.9,-2.49,0.010678107312782436,0.019717495186474497,True
NTUC FP Punggol Walk,residential,7,18.1,-2.61,0.00534882507911388,0.010842998665812377,True
Singapore Pools Circuit Road 88 Branch,residential,50,72.2,-2.61,0.007358783411311128,0.01414858872380954,True
Hao Mart Geylang Lorong 24,residential,7,18.1,-2.61,0.005402381980160064,0.010892370154592993,True
Prime Woodlands,residential,52,74.8,-2.64,0.006749839561059138,0.013112969563932595,True
Prime Compassvale Street,residential,48,70.6,-2.69,0.005575677285344841,0.01118133133028831,True
Singapore Pools Upper Boon Keng Branch,mixed,58,82.5,-2.69,0.005662865227569621,0.011295447753387533,True
7-Eleven Store Bukit Batok West Avenue 6,residential,36,56.3,-2.7,0.005162388332112148,0.010638512971700726,True
Tan Kai Huat Provision Shop,residential,40,61.3,-2.72,0.004984141765985442,0.010328249326180943,True
Giant Edgefield Plains,residential,11,24.5,-2.72,0.0038885621891267554,0.008314096421365547,True
OCN (Singapore) Pte Ltd,mixed,70,96.8,-2.73,0.005204696551421716,0.010666768207034617,True
Chua Seng Dept Store,residential,36,56.5,-2.73,0.004796432659468873,0.009994801016658603,True
Food Republic i12 Katong,residential,2,11.1,-2.73,0.0022915045832604414,0.005118150955426015,True
NTUC FairPrice Bishan Street 13,residential,43,65.5,-2.78,0.0041085634203949055,0.008658159072357625,True
Everbright  Services,residential,42,64.4,-2.79,0.0039007154791929504,0.008314096421365547,True
Hao Mart Westgate,mixed,1,9.8,-2.81,0.0012336480658085014,0.0029674463488400223,True
Dawn Florist,residential,66,93.2,-2.82,0.0037413762154597592,0.00806666663795659,True
Singapore Pools Chin Swee Branch,mixed,49,73.5,-2.86,0.0031370042198428883,0.006842705111119283,True
Prime Chai Chee Road,residential,37,59.5,-2.91,0.002412838642516513,0.005325377595613369,True
Singapore Pools Tampines N4 Branch,residential,41,64.3,-2.91,0.0024866553087436647,0.005456014295066982,True
B.H. Mini Mart,residential,24,43.3,-2.93,0.0020408281834917307,0.0046135085602570635,True
Seah Koon Huat (Boon Tiong Rd),residential,13,29.1,-2.98,0.001410078052427141,0.0033288551490843264,True
Singapore Pools Upp Serangoon Branch,residential,17,34.5,-2.98,0.0015285034698046566,0.003563323713982106,True
Kwek Lee Eng Agency,mixed,61,89.3,-3.0,0.0019168604409464194,0.004359688685811064,True
NTUC FP Shaw Plaza,residential,26,46.5,-3.01,0.001549081816751238,0.003588866569243551,True
Thiam Hoon Traders,residential,48,73.9,-3.01,0.0017276131800545336,0.0039777760256811175,True
Hougang United Football Club,residential,25,45.3,-3.01,0.0014794085601623325,0.0034705622197518868,True
Geylang International FC,residential,18,36.1,-3.02,0.0013325653800302926,0.003165903737269421,True
NTUC FairPrice Lorong 4 Toa Payoh,residential,57,84.8,-3.02,0.0017601373339447132,0.004027798929824405,True
Lee Wah TV & Electric Co,residential,51,78.5,-3.11,0.0012128216900287021,0.0029375486388357524,True
Chong Hoe Tong,residential,52,80.1,-3.14,0.0010595698676863195,0.002583134383313707,True
NTUC FairPrice Marsiling MRT Station,residential,44,70.9,-3.2,0.0008072108264726825,0.001993971114399408,True
Giant Buangkok Crescent,residential,33,57.3,-3.21,0.0007052689410619122,0.001753768766773955,True
Singapore Pools Upp Thomson Branch,residential,23,44.4,-3.21,0.000637164671499038,0.0015950498152291354,True
Giant Greenridge Shopping Centre,residential,28,51.7,-3.3,0.0004599628437079898,0.0011751105527608233,True
7-Eleven Store Tai Thong Crescent,residential,6,21.2,-3.3,0.00021542815846896507,0.0005739621650637426,True
China Square Betting Centre - Level 2,commercial,1,12.9,-3.31,6.97023090326447e-05,0.00019846535319982038,True
Choice Decor Bedok North,residential,28,52.0,-3.33,0.0003895716876124947,0.0010090988852740313,True
Overseas Emporium (Private) Limited,commercial,62,94.4,-3.33,0.0005052737028348099,0.0012734262916039465,True
Cheers Hougang Avenue 3,residential,26,50.4,-3.44,0.00023073222705263604,0.0006060783147227694,True
Chop Yeo Thong Heng (International Plaza),commercial,4,19.3,-3.48,5.921420496325276e-05,0.00017391258623065576,True
Singapore Pools Woodlands Centre,residential,7,24.4,-3.52,7.112475972871972e-05,0.00020098132862736708,True
Seah Geok Eng Agency - Upper Serangoon View,mixed,20,44.7,-3.7,5.57698362144238e-05,0.0001677592653869361,True
Sheng Moh Fruits & Provision Store,residential,52,86.5,-3.71,8.738735056160506e-05,0.00024144801303317546,True
Giant Tanjong Katong,residential,2,17.7,-3.73,7.055876346679554e-06,2.3290636082402423e-05,True
Singapore Pools Bishan N1 Branch,residential,33,62.6,-3.75,5.8062199967406885e-05,0.00017188254434795846,True
Ong Eng Siang Trading,residential,44,76.9,-3.75,6.440868313268163e-05,0.00018769092819133007,True
Singapore Pools Hougang N3 Branch,mixed,59,95.9,-3.77,6.859564560849218e-05,0.00019681673701513525,True
Vitatron & Medical Co,commercial,70,109.6,-3.79,6.752171610099723e-05,0.00019523721012148812,True
7-Eleven Store Choa Chu Kang Drive,mixed,57,93.9,-3.8,5.6379021450079326e-05,0.00016823500000703672,True
Ichido Kopitiam City,residential,9,29.8,-3.81,1.643497507618186e-05,5.1514669776603654e-05,True
NTUC FairPrice Tampines Street 44,residential,47,82.9,-3.94,2.5327351459064027e-05,7.872585078525735e-05,True
NTUC Foodfare - Seletar Mall,residential,2,19.8,-4.0,1.0559649288283878e-06,3.978534529828168e-06,True
Holland Drive Betting Centre – Lottery Lobby (Public),residential,14,39.4,-4.04,5.968789435462853e-06,1.9878200530603968e-05,True
Singapore Pools Chai Chee Branch,residential,35,68.6,-4.06,1.155955339614739e-05,3.685225142532459e-05,True
Serangoon Avenue 3 Betting Centre - Lottery Lobby (Public),residential,7,29.0,-4.08,2.316243614773987e-06,8.387950177773759e-06,True
NTUC FP Century Square,residential,14,40.4,-4.15,3.0742365644328607e-06,1.0920859414604352e-05,True
NTUC FairPrice Rivervale Mall,residential,46,84.1,-4.15,8.149733721556173e-06,2.6665356825793444e-05,True
NTUC FairPrice Sengkang East Ave,residential,12,37.6,-4.17,2.2924265360464623e-06,8.383089195542454e-06,True
Yeo Kean Fatt Dept Store,residential,31,64.5,-4.17,5.63787472650118e-06,1.9117520663499457e-05,True
Warriors Football Club (S),residential,8,32.0,-4.24,9.292871964310876e-07,3.5369808598856702e-06,True
River Hong Bao,commercial,3,23.6,-4.24,2.910399331798189e-07,1.2197516300682298e-06,True
Precise Optics,commercial,54,95.5,-4.25,5.338131729014433e-06,1.8267184724058566e-05,True
Golden Lagoon Trading,residential,36,72.1,-4.25,3.892590653966355e-06,1.3697512395560853e-05,True
Goh Geok Kwee Agency - Redhill Lane,residential,29,65.0,-4.46,8.987386081275539e-07,3.4559742353770888e-06,True
7-Eleven Store Circular Road,commercial,28,64.0,-4.5,6.782267619650149e-07,2.635193564718235e-06,True
NTUC FairPrice Tai Seng,commercial,18,50.7,-4.59,2.2083901499262519e-07,9.806303880029666e-07,True
Hin Teck Leong Trading Company - Rowell Road,mixed,44,87.1,-4.62,5.109981053274957e-07,2.0717640574690858e-06,True
Singapore Pools Geylang Rd Branch,mixed,23,58.4,-4.63,2.3517941488411722e-07,1.0134491329546784e-06,True
NTUC FairPrice Tampines Street 11,residential,44,87.6,-4.66,3.961066634311075e-07,1.6236020380198144e-06,True
Premier Security Co-operative Ltd,residential,30,68.7,-4.67,2.4958084788338087e-07,1.057882457505694e-06,True
A.P. Mini Mart - Lorong 8 Toa Payoh,residential,29,67.3,-4.67,2.3638089696261933e-07,1.0134491329546784e-06,True
Prime Serangoon North,residential,15,47.4,-4.71,7.718135848156127e-08,3.6441324953952346e-07,True
NTUC FairPrice Changi Business Park,commercial,33,73.4,-4.71,2.054725393678869e-07,9.233886407737568e-07,True
Yeo Soon Huat,residential,38,80.3,-4.72,2.315885566171663e-07,1.0134491329546784e-06,True
Chua Yan Kee,residential,40,84.9,-4.88,8.632622491404006e-08,4.024960236617118e-07,True
NTUC FP Hougang Point,residential,35,81.2,-5.12,1.2649849493142854e-08,6.291191814589713e-08,True
Papillon Florist Pte Ltd,residential,33,79.0,-5.18,7.8085618333818e-09,3.9898541970567284e-08,True
NTUC FairPrice Tampines Street 83,residential,36,83.7,-5.22,6.739023070758691e-09,3.5403600075957635e-08,True
NTUC FairPrice Joo Koon,commercial,28,73.0,-5.27,3.045732029151105e-09,1.7213000710202457e-08,True
Balestier Khalsa Football Club,residential,21,62.7,-5.27,1.855430336148669e-09,1.0813679927866461e-08,True
NTUC FairPrice Kallang Bahru,mixed,50,104.5,-5.33,4.7515198012223555e-09,2.5685751968926646e-08,True
NTUC FairPrice Yung Kuang Road,mixed,52,107.5,-5.35,4.177535614096885e-09,2.2915011530266736e-08,True
Superbowl Jurong Pte Ltd,commercial,61,121.7,-5.5,1.727245728010618e-09,1.0226391373777151e-08,True
7-Eleven Store Foch Road,mixed,30,79.4,-5.54,3.8774769860101587e-10,2.4104981929696486e-09,True
Bukit Merah Betting Centre,residential,9,48.5,-5.67,8.520674437349536e-12,6.231787382610542e-11,True
Bukit Merah Betting Centre - Lottery Lobby (Public),residential,8,47.8,-5.75,2.9062734128449495e-12,2.168348727601618e-11,True
7-Eleven Erskine Rd,commercial,29,80.6,-5.75,6.489677122764961e-11,4.401181030529692e-10,True
Keppel Credit Union Co-operative Ltd,residential,23,71.8,-5.76,3.5968988451115746e-11,2.531402394767202e-10,True
Rangoon Betting Centre - Lottery Lobby (Public),residential,9,52.7,-6.02,2.6773190733510016e-13,2.322418638046334e-12,True
China Square Betting Centre - Lottery Lobby (Public),commercial,7,50.4,-6.12,4.7938762482305554e-14,4.579956319578627e-13,True
7-Eleven Kim Tian,residential,15,66.2,-6.3,6.923817231627177e-14,6.298984944870578e-13,True
The Little Plaza,mixed,38,101.5,-6.3,8.764186124145019e-13,6.810502967304359e-12,True
Lim Heng Ee Trading Pte. Ltd.,mixed,41,106.9,-6.38,5.421546180842434e-13,4.302631330753676e-12,True
Cheers Maude Rd,mixed,4,50.3,-6.53,8.142816564498507e-17,9.491470557993573e-16,True
Singapore Pools Pasir Ris N7 Branch,mixed,69,149.2,-6.57,3.300260513832138e-13,2.797720844680426e-12,True
Singapore Pools Circuit Road 64 Branch,mixed,39,110.8,-6.82,6.18798875020588e-15,6.238161631964306e-14,True
Bedok Betting Centre - Lottery Lobby (Public),residential,7,61.5,-6.95,2.871293649770419e-18,3.693077694359884e-17,True
NTUC FP Jurong Point,mixed,69,155.7,-6.95,9.374099003210707e-15,9.201418232098932e-14,True
Nalayanee Trading Enterprise,commercial,47,133.3,-7.48,1.0926468529545856e-17,1.3585242538402016e-16,True
Tay Ah Tho Trading,mixed,55,148.2,-7.65,2.7452111993321645e-18,3.6570134905389196e-17,True
Singapore Pools Jurong West N2 Branch,mixed,45,133.4,-7.65,1.2521439332489931e-18,1.7298136559328682e-17,True
Wong Teck Chow Enterprise (Private) Limited,commercial,26,114.6,-8.28,3.778894262593145e-23,7.41856610498549e-22,True
Chop Yeo Thong Heng,mixed,34,129.4,-8.39,3.7758163852570593e-23,7.41856610498549e-22,True
Tuas View,commercial,47,341.1,-15.92,7.06465526382112e-89,8.783721378017593e-87,True
