outlet_name,postal_code,outlet_type,planning_area,region,neighborhood_type,pa_population,n_outlets_at_postal,shared_postal,latitude,longitude,res_area_500m,com_area_500m,mixed_area_500m,inst_area_500m,open_area_500m,hdb_blocks_500m,rc_ratio_500m,res_area_1000m,com_area_1000m,mixed_area_1000m,inst_area_1000m,open_area_1000m,hdb_blocks_1000m,rc_ratio_1000m,res_area_1500m,com_area_1500m,mixed_area_1500m,inst_area_1500m,open_area_1500m,hdb_blocks_1500m,rc_ratio_1500m,open_hours_daily,g1_wins_hist,g2_wins_hist,combined_wins_hist,first_draw,last_draw,draws_i,hdb_proxy,com_area_proxy,volume_proxy,is_closed,exposure,p_share,expected_wins,win_rate_per_draw,win_share,std_residual,exposure_hdb,expected_wins_hdb,std_residual_hdb,wins,reliable,p_two,sig
NTUC FairPrice NEX,556083,Authorised Retailer (FairPrice),SERANGOON,NORTH-EAST REGION,residential,116900.0,1,0,1.35067551435975,103.871861623874,492073,19983,83592,60658,17617,81,0.8963,1931025,19983,109843,183555,129935,171,0.9637,4178321,59759,146503,508814,331179,219,0.9697,13.5,20,99,119,2609,4160,1574,171.0,19983.0,181.69400363230824,0,285986.3617172532,0.0011092132089507,20.458328425886915,0.0756035578144853,0.0064519626978963,21.786368838639813,269154.0,38.1322960615295,13.095697489401111,119,True,5.552026063337415e-50,True
7-Eleven Store Yishun Ring Road,760103,Authorised Retailer (7-Eleven),YISHUN,NORTH REGION,residential,221610.0,1,0,1.43136934951878,103.828892847163,523226,2044,50385,61710,20701,83,0.9527,1281057,39548,91239,238871,132145,185,0.9397,2185151,320033,201084,404206,240643,376,0.8446,12.0,41,117,158,1245,4156,2938,185.0,39548.0,206.1643124481072,0,605710.749972539,0.0023492811357809,43.3301412683446,0.0537780803267528,0.0085664714812405,17.420243649173475,543530.0,77.00441709327421,9.230038582652591,158,True,9.24030927156674e-41,True
Tong Aik Huat,530685,Authorised Retailer,HOUGANG,NORTH-EAST REGION,residential,227560.0,1,0,1.37518092664617,103.886022660348,519059,0,0,101110,18847,120,1.0,1738647,24019,72424,471914,172893,355,0.9672,3574011,353627,160767,846480,413277,625,0.8938,11.0,35,193,228,1253,4177,2930,355.0,24019.0,367.8538894682686,0,1077811.896142027,0.0041803503663119,77.10238215625809,0.077815699658703,0.0123617436564736,17.18495842083054,1040150.0,147.36287682293374,6.642644029441246,228,True,1.1938028812011095e-43,True
Singapore Pools Jurong West N4 Branch,640498,Branch,TENGAH,WEST REGION,residential,10.0,1,0,1.34833335760515,103.724307319237,374619,0,40924,108569,86612,72,0.9508,1407192,0,130874,287248,240592,218,0.9575,2756676,272676,201480,619524,1301935,404,0.8844,12.0,17,103,120,2139,4171,2044,218.0,0.0,218.0,0,445592.0,0.0017282521069708,31.875881860970026,0.0587084148727984,0.0065061808718282,15.608590245900515,445592.0,63.1290861984182,7.157732356081756,120,True,1.5132917506067963e-32,True
Singapore Pools Yishun N1 Branch,760101,Branch,YISHUN,NORTH REGION,residential,221610.0,1,0,1.4305357538408,103.827667722074,391837,2044,50385,53281,22401,64,0.9387,1120570,39548,50440,194404,110071,167,0.9465,1845813,239558,192080,356958,227658,330,0.8526,12.0,23,95,118,1678,4179,2505,167.0,39548.0,188.1643124481072,0,471351.6026825086,0.0018281620865278,33.71862152391992,0.0471057884231536,0.0063977445239644,14.514321020484578,418335.0,59.26746053523241,7.629052781829435,118,True,2.62619407330103e-29,True
Singapore Pools Jurong West N5 Branch,640508,Branch,JURONG WEST,WEST REGION,residential,262730.0,1,0,1.34872718063365,103.718715391434,649973,0,46859,81056,25440,87,0.9664,1532549,134820,129792,322581,171821,229,0.8889,2327384,1014169,196125,612717,395796,379,0.6856,12.0,20,118,138,2143,4170,2040,229.0,134820.0,301.14960565019254,0,614345.1955263928,0.0023827702889098,43.94781520865237,0.0676470588235294,0.0074821080026024,14.187316050490164,467160.0,66.18472483449669,8.827504447524852,138,True,1.8387201551940164e-29,True
Singapore Pools Jurong East Branch,600351,Branch,TENGAH,WEST REGION,residential,10.0,1,0,1.34483235593159,103.730778253202,363418,0,43091,65516,225945,43,0.947,933896,0,128848,238686,543934,142,0.9394,2836159,2365,243477,611497,1412485,449,0.9597,12.0,15,83,98,1605,4179,2578,142.0,0.0,142.0,0,366076.0,0.0014198451011496,26.187623045603296,0.0380139643134212,0.0053133810453263,14.0330237895292,366076.0,51.86368552211921,6.406358100628545,98,True,1.1476646444813532e-26,True
Singapore Pools Clementi Town Centre Branch,120446,Branch,CLEMENTI,WEST REGION,residential,91990.0,1,0,1.31251305732378,103.764927758669,432508,3788,57538,37188,94113,70,0.9341,1666160,33782,144008,277695,201284,200,0.9426,2916488,692514,202558,1020973,393700,254,0.7917,12.0,15,98,113,1989,4167,2194,200.0,33782.0,218.07860835243144,0,478464.4667252345,0.0018557497053999,34.227447566396165,0.0515041020966271,0.0061266536543049,13.4644203340943,438800.0,62.166832043362334,6.447150490337832,113,True,4.230484715624114e-26,True
NTUC FairPrice Bukit Timah Plaza,588996,Authorised Retailer (FairPrice),BUKIT TIMAH,CENTRAL REGION,residential,77860.0,1,0,1.33875930729064,103.778600077834,210615,0,92035,380683,33713,8,0.848,1405064,34679,92816,453784,94197,21,0.9471,3668789,36093,94578,561721,524514,21,0.9781,11.0,7,36,43,1537,4155,2646,21.0,34679.0,39.55864244431855,0,104672.16790766688,0.0004059765317322,7.48783115126934,0.0162509448223733,0.0023313814790717,12.977743183201577,55566.0,7.872293047678832,12.519851419150902,43,True,8.828490628119416e-19,True
NTUC FairPrice AMK Hub,569933,Authorised Retailer (FairPrice),ANG MO KIO,NORTH-EAST REGION,residential,162280.0,1,0,1.36923561405404,103.848693181185,347455,19300,108154,61603,28657,86,0.8455,1502032,19300,210764,131393,555769,271,0.928,3055447,525211,345948,930950,833967,486,0.8222,13.5,23,98,121,2211,4160,1972,271.0,19300.0,281.32849272399284,0,554779.7876517138,0.0021517427083832,39.686742513420505,0.0613590263691683,0.0065603990457601,12.9073959544311,534412.0,75.71262772551812,5.204667172654051,121,True,5.798326672103036e-25,True
Singapore Pools Serangoon Central Branch,550254,Branch,SERANGOON,NORTH-EAST REGION,residential,116900.0,1,0,1.35406229913885,103.871216925982,489632,0,83592,11685,73202,85,0.9271,1938751,19983,107199,233348,112832,144,0.9644,4491553,81356,110969,411788,254081,204,0.9708,12.0,20,68,88,1900,4160,2283,144.0,19983.0,154.69400363230824,0,353166.4102925597,0.0013697745756194,25.26412227272595,0.0385457731055628,0.0047711993060073,12.4814163725612,328752.0,46.57582125779274,6.069789727896664,88,True,4.2198055589975844e-22,True
Singapore Pools Ang Mo Kio N6 Branch,560630,Branch,ANG MO KIO,NORTH-EAST REGION,residential,162280.0,1,0,1.38054138917049,103.841068277331,517575,0,34418,107402,27782,55,0.9688,1259102,107319,88747,588702,371407,91,0.8958,2669416,437226,214311,749438,518315,215,0.8361,12.0,14,71,85,1807,4168,2376,91.0,107319.0,148.43230625109786,0,352675.1596526085,0.0013678692340659,25.22898015311157,0.0357744107744107,0.0046085447842116,11.899831681729362,216216.0,30.63232396783872,9.823150458678256,85,True,1.606406862312176e-20,True
Singapore Pools Teck Whye Branch,680141,Branch,CHOA CHU KANG,WEST REGION,residential,192070.0,1,0,1.38041161319004,103.75257991701,440268,0,39224,95245,21578,96,0.9591,1341046,24169,81634,349117,174558,206,0.9551,2998090,49670,158144,542807,472560,477,0.9598,12.0,21,81,102,1609,4160,2574,206.0,24169.0,218.9341627277815,0,563536.5348613096,0.0021857062149434,40.31316542841775,0.0396270396270396,0.005530253741054,9.715586771015726,530244.0,75.1221278258902,3.1010655313938367,102,True,6.024115220664025e-16,True
Singapore Pools Whampoa Drive Branch,320088,Branch,TOA PAYOH,CENTRAL REGION,residential,121850.0,1,0,1.32324726968904,103.855171553668,439475,38363,42818,61971,27351,63,0.8852,1627513,68751,70154,300164,227197,217,0.9412,2989496,672288,167922,757400,398307,400,0.8025,12.0,21,83,104,1848,4169,2335,217.0,68751.0,253.7924457651416,0,592605.3608616055,0.0022984511919228,42.39263378382477,0.0445396145610278,0.0056386900889178,9.462098024907023,506695.0,71.78583172792041,3.802135189032963,104,True,2.179204306898006e-15,True
Singapore Pools Bukit Panjang Branch,670257,Branch,BUKIT PANJANG,WEST REGION,residential,138270.0,1,0,1.37850873559017,103.773212348159,388738,3232,30420,55940,103748,80,0.9563,1284674,3232,43309,116866,1091945,231,0.9813,2333586,14731,117139,388545,1320600,380,0.9703,12.0,20,82,102,1580,4171,2603,231.0,3232.0,232.72962116497123,0,605795.2038924202,0.0023496086947698,43.33618276633565,0.0391855551286976,0.005530253741054,8.9113805861839,601293.0,85.18796932508994,1.8215078231385289,102,True,4.911481307859117e-14,True
Singapore Pools Clementi N3 Branch,120325,Branch,CLEMENTI,WEST REGION,residential,91990.0,1,0,1.315096685325,103.766817400667,504801,3788,57538,41245,10107,96,0.9425,1507523,3788,151120,273569,168708,199,0.9523,3313731,332565,202558,928936,346522,252,0.8873,12.0,13,74,87,1749,4160,2434,199.0,3788.0,201.0271673802324,0,489300.1254034856,0.0018977763798938,35.002587550762414,0.0357436318816762,0.0047169811320754,8.788841999633464,484366.0,68.62237869078223,2.2184845784029483,87,True,2.1412814080792584e-13,True
PFG Framing & Trading,640960,Authorised Retailer,JURONG WEST,WEST REGION,residential,262730.0,1,0,1.34138531163603,103.691459639611,494287,0,30125,71758,65460,99,0.9713,1211432,118298,40280,179533,110616,275,0.899,2031681,853034,40280,2073480,224124,424,0.7015,11.0,22,95,117,1917,4177,2266,275.0,118298.0,338.30777369237853,0,766605.4151869297,0.0029733195928384,54.83990657031197,0.0516328331862312,0.0063435263500325,8.39389061590512,623150.0,88.28455193213591,3.0561399545775547,117,True,4.252987918762664e-13,True
Tan Wee Fong Trading,330024,Authorised Retailer,KALLANG,CENTRAL REGION,residential,101290.0,1,0,1.31862347782977,103.862324355167,360903,153163,5486,34562,12692,72,0.6999,1314326,511253,16062,168596,194889,193,0.718,2649674,941614,122501,472312,340717,372,0.73,11.0,34,108,142,1967,4167,2216,193.0,511253.0,466.5996316383169,0,1033984.78371051,0.0040103645959161,73.96716460707748,0.0640794223826714,0.00769898069833,7.910411676171351,427688.0,60.5925434433946,10.458143452623895,142,True,2.9066336831120886e-12,True
Chua Hong Kim Trading,550237,Authorised Retailer,SERANGOON,NORTH-EAST REGION,residential,116900.0,1,0,1.35381198342473,103.87013457465,509911,0,83592,4088,25809,90,0.9296,1889970,19983,105806,235333,124600,139,0.9638,4444602,81356,110969,395175,232334,197,0.9705,11.0,17,57,74,1306,4160,2877,139.0,19983.0,149.69400363230824,0,430669.6484501508,0.0016703749783262,30.808396100249777,0.0257212374000695,0.0040121448709607,7.781526253124081,399903.0,56.65611357027513,2.3042151675598506,74,True,6.168116551074465e-11,True
Singapore Pools Jalan Tiga Branch,390043,Branch,GEYLANG,CENTRAL REGION,residential,110110.0,1,0,1.30813368626522,103.884729523853,413429,20137,0,41477,21997,62,0.9536,1388700,266063,3412,192767,186662,84,0.8385,3091060,599707,29514,390964,771560,176,0.8348,12.0,12,65,77,2144,4178,2039,84.0,266063.0,226.38496163853412,0,461598.9367809711,0.0017903358567191,33.02095454132841,0.0377636096125551,0.0041747993927564,7.653339648076709,171276.0,24.26546564507504,10.705348275834575,77,True,9.579955776316153e-11,True
NTUC FairPrice Thomson Plaza,574408,Authorised Retailer (FairPrice),BISHAN,CENTRAL REGION,residential,87320.0,1,0,1.35466902496424,103.830919782333,427690,34933,0,10891,8977,13,0.9245,1797786,220371,11473,72407,24105,36,0.8886,2407376,419274,11473,400509,460924,81,0.8502,11.0,13,60,73,1343,4160,2840,36.0,220371.0,153.93265648077863,0,437168.7444054113,0.0016955820652535,31.27331561153587,0.0257042253521126,0.0039579266970288,7.461513224563192,102240.0,14.484815196247414,15.37489298622435,73,True,2.832493486812639e-10,True
NTUC FairPrice Clementi Avenue 3,120451,Authorised Retailer (FairPrice),CLEMENTI,WEST REGION,residential,91990.0,1,0,1.31248109025097,103.765476495005,371402,3788,57538,50698,93773,74,0.9248,1686508,14300,144008,307389,190680,198,0.9532,2876682,598462,202558,1020973,391298,255,0.8097,11.0,22,59,81,1672,4177,2511,198.0,14300.0,205.65271740689624,0,516393.9734087165,0.0020028613004063,36.94077382469421,0.032258064516129,0.004391672088484,7.249096329517149,497178.0,70.43751417879398,1.258531611614074,81,True,5.239985739863083e-10,True
Cheng Chew Wah Agency - Marine Terrace,440058,Authorised Retailer,MARINE PARADE,CENTRAL REGION,residential,46220.0,1,0,1.30611781253448,103.914026029355,440625,6545,0,131218,2047,49,0.9854,1457536,73145,5165,227381,376984,77,0.9507,2924406,172737,35703,405402,688756,78,0.9392,11.0,18,42,60,1223,4162,2960,77.0,73145.0,116.14391711380604,0,343785.9946568659,0.0013333921381281,24.59308459563531,0.0202702702702702,0.0032530904359141,7.139726760325182,227920.0,32.290483954701784,4.876314004575407,60,True,2.3448812556731283e-09,True
Singapore Pools Jalan Batu Branch,431007,Branch,MARINE PARADE,CENTRAL REGION,residential,46220.0,1,0,1.30237002555566,103.88359641393,324215,3808,0,74415,55425,22,0.9884,1191105,44099,0,169505,659286,76,0.9643,2342952,335895,3412,195750,1211293,81,0.8741,12.0,5,36,41,2140,4142,2043,76.0,44099.0,99.59980314172851,0,203482.3978185514,0.0007892172273321,14.55632254091422,0.0200685266764561,0.0022229451312079,6.931001873221829,155268.0,21.997538007540527,4.051565218451319,41,True,2.0995169312987496e-08,True
NTUC FairPrice Eastpoint Mall,528833,Authorised Retailer (FairPrice),TAMPINES,EAST REGION,residential,259900.0,1,0,1.34270592355576,103.953024618234,602181,15710,0,51143,27281,65,0.9746,1592576,218238,49225,354754,108170,154,0.8694,2749304,924342,110628,758949,237873,325,0.7411,11.0,7,73,80,2178,4160,2005,154.0,218238.0,270.79117073050526,0,542936.2973146631,0.0021058071055696,38.83950625512733,0.0399002493765586,0.0043374539145521,6.604557500513987,308770.0,43.744878600795325,5.48157998919742,80,True,9.994952345265407e-09,True
Singapore Pools Ang Mo Kio N7 Branch,560726,Branch,ANG MO KIO,NORTH-EAST REGION,residential,162280.0,1,0,1.37278358482637,103.84644830631,314202,19300,108154,10684,215938,59,0.8339,1421997,19300,249858,550566,278737,250,0.9147,3272248,84558,343112,931084,898622,463,0.9308,12.0,14,74,88,1661,4179,2522,250.0,19300.0,260.32849272399284,0,656548.4586499099,0.0025464578739971,46.9668690280043,0.0348929421094369,0.0047711993060073,5.987407977134144,630500.0,89.32586053632623,-0.1402843550464994,88,True,1.1834505668794279e-07,True
Tampines Trading - 828,520828,Authorised Retailer,PAYA LEBAR,EAST REGION,residential,40.0,1,0,1.34893084103853,103.934588111014,411848,0,49837,397865,12053,105,0.946,1516843,29689,73733,466421,198049,300,0.9589,2599927,771020,160781,667892,858416,486,0.7589,11.0,23,88,111,1346,4179,2837,300.0,29689.0,315.8882186778562,0,896174.876389078,0.0034758615916213,64.10879119586453,0.039125837151921,0.0060182173064411,5.856425655024081,851100.0,120.57928612603848,-0.8723621041085622,111,True,1.390402702723055e-07,True
Singapore Pools Holland Drive Branch,270046,Branch,QUEENSTOWN,CENTRAL REGION,residential,95930.0,1,0,1.30878949399241,103.792695569227,290562,99992,36967,15740,72988,44,0.7229,1569490,368362,57215,154703,145070,130,0.801,3934725,545378,63284,484688,297923,191,0.873,12.0,12,81,93,1945,4162,2238,130.0,368362.0,327.130789471267,0,732118.7068366956,0.0028395610730068,52.372864430538826,0.0415549597855227,0.0050422901756668,5.613878894889505,290940.0,41.21881976913362,8.065367646411127,93,True,5.20624221598838e-07,True
Singapore Pools Lorong 25A Geylang Branch,388251,Branch,GEYLANG,CENTRAL REGION,residential,110110.0,1,0,1.31549499038814,103.883256085887,376906,129308,3408,62504,7925,22,0.7429,1366174,505268,9329,218281,73368,137,0.7289,2776955,1196935,29514,417720,266162,266,0.6973,12.0,17,85,102,2151,4173,2032,137.0,505268.0,407.3967285837522,0,827830.1524821846,0.003210782970164,59.21968110170496,0.0501968503937007,0.005530253741054,5.559183189812134,278384.0,39.43995298896851,9.961594795478792,102,True,5.693850252130881e-07,True
Gerk Chwee Trading,557256,Authorised Retailer,SERANGOON,NORTH-EAST REGION,residential,116900.0,1,0,1.3646888567179,103.866035308524,566997,21597,0,4140,33227,0,0.9633,1765531,185483,40928,237078,130839,74,0.8966,3640344,958267,151819,454541,261407,300,0.7823,11.0,12,57,69,1265,4173,2918,74.0,185483.0,173.26216662820548,0,505579.0022211036,0.0019609148634374,36.16711374124087,0.0236463331048663,0.0037410540013012,5.459490771204949,215932.0,30.59208837007137,6.944102635008312,69,True,1.5615783169419416e-06,True
NTUC FairPrice Yishun Ring Road,760849,Authorised Retailer (FairPrice),YISHUN,NORTH REGION,residential,221610.0,1,0,1.4169831658118,103.835218177871,491485,0,46251,83114,83410,110,0.957,1905053,0,56322,278875,274872,251,0.9856,2646905,19812,135753,375692,568533,389,0.9687,11.0,12,61,73,1973,4167,2210,251.0,0.0,251.0,0,554710.0,0.00215147203329,39.68175018200211,0.0330316742081448,0.0039579266970288,5.289160803583182,554710.0,78.58833956876371,-0.6303818945658376,73,True,2.7601381302437342e-06,True
NTUC FairPrice Tampines Mall,529510,Authorised Retailer (FairPrice),TAMPINES,EAST REGION,residential,259900.0,1,0,1.35250468330971,103.944682574769,265893,169877,35313,40700,117067,56,0.6019,1593682,169877,129050,284780,317109,310,0.8761,3646360,352505,251320,526070,570224,760,0.8875,11.0,26,99,125,1446,4162,2737,310.0,169877.0,400.9105367084836,0,1097292.1389711194,0.0042559055170186,78.49592135589172,0.0456704420898794,0.0067772717414877,5.248890329373023,848470.0,120.20668182277038,0.4371917455252835,125,True,1.6103831905613314e-06,True
Singapore Pools Bukit Gombak Branch,650374,Branch,BUKIT BATOK,WEST REGION,residential,158030.0,1,0,1.35798291106742,103.750736425731,358950,0,36836,22798,222514,68,0.9535,1328783,37963,36836,165455,913247,219,0.9598,3138327,71118,239191,427142,1149603,469,0.9447,12.0,12,62,74,1784,4160,2399,219.0,37963.0,239.3160916725876,0,574119.3039225376,0.0022267520437008,41.07021469401864,0.0308461859107961,0.0040121448709607,5.138370464365946,525381.0,74.43316405144427,-0.050207565875583,74,True,4.817213822415411e-06,True
Singapore Pools LOT One Branch,689812,Authorised Retailer (FairPrice),CHOA CHU KANG,WEST REGION,residential,192070.0,3,1,1.38493874036122,103.745022476677,405645,17623,0,20208,130652,62,0.9584,1259567,48764,39224,179594,243694,285,0.9493,2732545,67371,47724,533903,409848,538,0.968,11.0,6,21,27,3713,4144,470,285.0,48764.0,311.09630151257966,0,146215.26171091243,0.0005671036152425,10.459659079534324,0.0574468085106383,0.0014638906961613,5.1142940211534365,133950.0,18.977318031468517,1.84162905685286,27,True,2.7972857181270994e-05,True
Mee Lee Cheong Pte. Ltd.,521139,Authorised Retailer,TAMPINES,EAST REGION,residential,259900.0,1,0,1.34607675043696,103.944284625086,293057,46631,51735,66840,55662,48,0.8148,1453689,374339,75631,283880,205045,203,0.7835,3230022,618461,202783,839612,420690,575,0.8223,11.0,24,90,114,1708,4160,2475,203.0,374339.0,403.3294112853243,0,998240.2929311777,0.0038717277005006,71.4101457080341,0.046060606060606,0.0061808718282368,5.039949613686221,502425.0,71.18088101500985,5.075233732118485,114,True,4.201523271179834e-06,True
NTUC FairPrice Yishun MRT Station,769093,Authorised Retailer (FairPrice),YISHUN,NORTH REGION,residential,221610.0,1,0,1.42944308477331,103.835005047246,353806,14894,79431,56657,61080,88,0.8781,1348952,16937,172486,324985,225175,322,0.9329,2942168,489309,279932,511800,461219,592,0.8304,11.0,18,85,103,1468,4169,2715,322.0,16937.0,331.063921309133,0,898838.546354296,0.0034861927762693,64.29933956551189,0.0379373848987108,0.0055844719149859,4.826308961500506,874230.0,123.8562205498374,-1.8740306908759503,103,True,1.0818859267506998e-05,True
Clifford Gift Shop,560532,Authorised Retailer,ANG MO KIO,NORTH-EAST REGION,residential,162280.0,1,0,1.37380851539559,103.854594160601,756508,0,38897,160862,11062,70,0.9755,1394848,317150,179697,532123,102974,178,0.7848,2849905,690104,236955,850019,553774,305,0.7859,11.0,22,89,111,1344,4179,2839,178.0,317150.0,347.7244283634369,0,987189.6521237976,0.0038288672064641,70.61962675602405,0.0390982740401549,0.0060182173064411,4.805157419601916,505342.0,71.59414593996539,4.6571688959953415,111,True,1.0918743757045997e-05,True
Springdale Garments Co,560408,Authorised Retailer,SERANGOON,NORTH-EAST REGION,residential,116900.0,1,0,1.36209053459188,103.854587757902,348195,140402,26191,73611,22283,49,0.7018,1132878,161289,89904,158546,462398,163,0.851,3201078,421150,274209,494918,605373,404,0.8567,11.0,20,68,88,1198,4179,2985,163.0,161289.0,249.3146250238385,0,744204.1556961578,0.0028864351247292,53.237409440505374,0.0294807370184254,0.0047711993060073,4.764350195715564,486555.0,68.93250447779891,2.296580242247415,88,True,1.605035103186786e-05,True
NTUC FairPrice Clementi Avenue 2,120352,Authorised Retailer (FairPrice),CLEMENTI,WEST REGION,residential,91990.0,1,0,1.31427860227337,103.771350557894,392214,0,35585,50830,18240,50,0.9584,1504789,3788,111419,769974,148564,161,0.9633,4087988,17819,167701,952265,305410,246,0.9762,11.0,17,45,62,1241,4142,2942,161.0,3788.0,163.02716738023238,0,479625.92643264367,0.0018602544882202,34.31053378073496,0.0210740992522093,0.0033615267837779,4.727165925325075,473662.0,67.10589334394506,-0.6232917916269728,62,True,2.7021106852874535e-05,True
Singapore Pools Ang Mo Kio N2 Branch,560202,Branch,ANG MO KIO,NORTH-EAST REGION,residential,162280.0,1,0,1.36844644010937,103.844516260527,607928,19300,108154,33719,28069,101,0.9002,1303532,19300,210960,200730,735595,257,0.9186,3523215,198400,380365,904260,886373,529,0.9053,12.0,17,65,82,1552,4160,2631,257.0,19300.0,267.32849272399284,0,703341.2643568252,0.0027279462424015,50.31424049485504,0.0311668567084758,0.0044458902624159,4.467027858443286,676167.0,95.79571632238874,-1.4095198971959382,82,True,5.0738628666334174e-05,True
NTUC FairPrice New Upper Changi Road,461057,Authorised Retailer (FairPrice),BEDOK,EAST REGION,residential,276990.0,1,0,1.32424554153984,103.941568704132,582172,0,30407,32812,25031,52,0.9752,2088361,0,91806,113196,162684,198,0.9789,3640692,487933,308732,428720,290273,298,0.8553,11.0,14,52,66,1459,4179,2724,198.0,0.0,198.0,0,539352.0,0.0020919052191218,38.58309986148294,0.0242290748898678,0.0035783994795055,4.4138725794156,539352.0,76.41250044724605,-1.1911674776513612,66,True,7.465236740816154e-05,True
NTUC FairPrice White Sands,518457,Authorised Retailer (FairPrice),PASIR RIS,EAST REGION,residential,147110.0,1,0,1.37244981663527,103.949715694737,324746,11525,0,0,20806,71,0.9657,1407635,11525,33122,122565,531475,246,0.9807,2818382,27786,101624,401704,1290713,660,0.9733,11.0,20,61,81,1406,4152,2777,246.0,11525.0,252.16766210590765,0,700269.5976681055,0.0027160326209122,50.09450566010508,0.0291681670867843,0.004391672088484,4.366572214958712,683142.0,96.78389693656936,-1.6044001137992456,81,True,7.305173697105114e-05,True
Singapore Pools Northpoint City Branch,769098,Branch,YISHUN,NORTH REGION,residential,221610.0,2,1,1.42969848626288,103.835776491468,351355,14894,79431,51094,61080,77,0.8775,1381402,16937,172486,357443,214726,348,0.9343,2981205,508015,235256,524027,470758,610,0.832,11.0,2,15,17,3941,4179,242,348.0,16937.0,357.063921309133,0,86409.46895681017,0.0003351436892647,6.181390204798197,0.0702479338842975,0.0009217089568423,4.35139368537261,84216.0,11.931271484420698,1.4674241659055878,17,True,0.0004909618907617071,True
7-Eleven Store Eunos Crescent,401001,Authorised Retailer (7-Eleven),GEYLANG,CENTRAL REGION,residential,110110.0,1,0,1.32129030482793,103.902727807563,424557,10132,0,68275,16519,51,0.9767,1557122,298903,65336,152382,53556,139,0.8274,3344984,1159884,77753,301653,136096,231,0.7384,11.0,26,72,98,1194,4167,2989,139.0,298903.0,298.95945392122456,0,893589.8077705402,0.0034658352664479,63.92386565436691,0.0327868852459016,0.0053133810453263,4.262052614666253,415471.0,58.861704366198246,5.101354365357957,98,True,9.07459120751245e-05,True
Singapore Pools Bedok Town Centre Branch,460204,Branch,BEDOK,EAST REGION,residential,276990.0,1,0,1.32635909520616,103.929995919076,355098,116078,143484,26411,45564,73,0.6944,1755102,417566,277003,156456,142202,264,0.773,3723386,590850,344552,413581,363364,421,0.8362,12.0,11,68,79,2754,4156,1429,264.0,417566.0,487.4625592117512,0,696583.9971135925,0.002701737824498,49.83085243504183,0.0552834149755073,0.0042832357406202,4.132135737128426,377256.0,53.44760799760871,3.495162922759523,79,True,0.0001664484180303428,True
Singapore Pools Toa Payoh Lorong 1 Branch,310111,Branch,BISHAN,CENTRAL REGION,residential,87320.0,1,0,1.34123713837195,103.845306137194,467695,57587,0,105788,6127,67,0.8904,1569535,202067,621,506008,115265,230,0.8858,3180066,504346,64953,874619,423014,417,0.8568,12.0,17,70,87,1845,4156,2338,230.0,202067.0,338.13717819995145,0,790564.7226314865,0.0030662470322283,56.553860262418986,0.0372112917023096,0.0047169811320754,4.048564932966205,537740.0,76.18412092752429,1.2391662961869565,87,True,0.00020588312593537912,True
NTUC FairPrice Toa Payoh HDB Centre,310500,Authorised Retailer (FairPrice),NOVENA,CENTRAL REGION,residential,49330.0,1,0,1.33285542884681,103.847092284316,327310,71451,45015,42587,76291,83,0.7883,1486870,230950,106269,250073,227697,229,0.8443,3151712,365160,149301,817048,408225,419,0.88,12.0,22,69,91,1754,4164,2429,229.0,230950.0,352.59406189669164,0,856450.976347064,0.0033217903471988,61.26710116373599,0.0374639769452449,0.004933853827803,3.798600202544458,556241.0,78.80524344264336,1.3737116376552418,91,True,0.00045718645377569735,True
Hock Soon Ann,460073,Authorised Retailer,BEDOK,EAST REGION,residential,276990.0,1,0,1.31983803117222,103.943971359147,516035,0,0,14093,27766,48,1.0,1924143,0,113780,128839,144717,102,0.9721,3451595,173322,135106,304081,746074,198,0.9359,11.0,2,25,27,2196,4160,1987,102.0,0.0,102.0,0,202674.0,0.0007860818136955,14.498492971799852,0.0135883241066935,0.0014638906961613,3.283227208713653,202674.0,28.71376599260806,-0.3198206062831132,27,True,0.0042233797590210155,True
Singapore Pools Ang Mo Kio N4 Branch,560447,Branch,SERANGOON,NORTH-EAST REGION,residential,116900.0,1,0,1.36747901420817,103.855967139125,418517,0,32646,68130,38241,82,0.9638,1622056,199591,128801,249215,101581,208,0.8647,3049744,727952,236955,464649,577171,323,0.7892,12.0,15,69,84,1570,4163,2613,208.0,199591.0,314.8121342629252,0,822604.1068290236,0.0031905134760725,58.8458305526821,0.0321469575200918,0.0045543266102797,3.279080916551244,543504.0,77.00073355263355,0.7976366397399623,84,True,0.0023506884419160043,True
Kim Chwee Trading,600256,Authorised Retailer,TENGAH,WEST REGION,residential,10.0,1,0,1.34416527251747,103.738263367232,489107,0,44833,78674,59929,62,0.958,1424941,0,122919,288477,414523,248,0.9603,2675956,339170,193558,551665,896592,452,0.8641,11.0,21,53,74,1280,4169,2903,248.0,0.0,248.0,0,719944.0,0.0027923408295054,51.50193425939919,0.0254908715122287,0.0040121448709607,3.1349701601023408,719944.0,101.9978070388023,-2.772225785880593,74,True,0.0037253146950136035,True
NTUC FairPrice Hillion Mall,678278,Authorised Retailer (FairPrice),CHOA CHU KANG,WEST REGION,residential,192070.0,1,0,1.37843100800213,103.762842789877,320502,11499,61364,32639,22961,63,0.8928,1713375,15415,73830,104959,138910,264,0.971,3033423,18647,156363,651703,459998,498,0.9698,12.0,3,27,30,3298,4177,885,264.0,15415.0,272.2494153026088,0,240940.7325428088,0.0009345013570086,17.235943028667815,0.0338983050847457,0.001626545217957,3.074476720723091,233640.0,33.1008628956499,-0.5389679081232693,30,True,0.006611904112206291,True
Ng Nam Thye Trading - Ang Mo Kio Avenue 3,569922,Authorised Retailer,ANG MO KIO,NORTH-EAST REGION,residential,162280.0,2,1,1.36929729654979,103.84715944541,366103,19300,108154,8873,17265,91,0.8513,1592959,19300,228174,155461,559198,270,0.9275,3299366,204060,380365,979822,924221,527,0.8985,12.0,4,28,32,3245,4169,938,270.0,19300.0,280.32849272399284,0,262948.1261751053,0.0010198581955828,18.810264559330275,0.0341151385927505,0.0017349815658208,3.04115553970997,253260.0,35.88051933295794,-0.647829158133794,32,True,0.006929987994927113,True
Singapore Pools Lorong Lew Lian Branch,531002,Branch,SERANGOON,NORTH-EAST REGION,residential,116900.0,1,0,1.35060795612848,103.875680063863,469141,19983,28901,46346,15719,49,0.9335,1896161,19983,121062,210972,132419,162,0.9605,4311579,80126,152966,687451,327243,272,0.9655,12.0,4,36,40,2164,4160,2019,162.0,19983.0,172.69400363230824,0,348669.19333363033,0.0013523318821133,24.94240923369925,0.0198117880138682,0.002168726957276,3.014992870526335,327078.0,46.338657910389394,-0.9311627374668036,40,True,0.00663181040569244,True
Singapore Pools Hougang N2 Branch,530211,Branch,HOUGANG,NORTH-EAST REGION,residential,227560.0,1,0,1.35962289225618,103.887717332865,468390,0,94892,48720,21025,41,0.9158,1813159,509915,113837,176596,99945,133,0.7674,3413360,1501585,185811,362320,272795,280,0.6874,12.0,14,76,90,1917,4177,2266,133.0,509915.0,405.8835941634618,0,919732.2243744044,0.0035672300100182,65.79399030477587,0.0397175639894086,0.0048796356538711,2.9842148670795074,301378.0,42.69761966172391,7.23904312046458,90,True,0.0052931065488047695,True
Cheers Hougang Central,530810,Authorised Retailer,HOUGANG,NORTH-EAST REGION,residential,227560.0,1,0,1.37158744105995,103.893369990045,523626,24019,45723,31369,18176,89,0.921,1677026,24019,45723,184360,309812,302,0.9732,3348496,1134538,129158,683632,431124,531,0.74,11.0,13,66,79,1668,4181,2515,302.0,24019.0,314.8538894682686,0,791857.5320126956,0.003071261261696,56.646342710721854,0.0314115308151093,0.0042832357406202,2.9700424088157678,759530.0,107.60613933886734,-2.757660031373089,79,True,0.005732335007780148,True
Goh Geok Kwee Agency - Bukit Merah,150124,Authorised Retailer,QUEENSTOWN,CENTRAL REGION,residential,95930.0,1,0,1.28582331821306,103.803532208512,164994,128718,47495,139565,9285,19,0.5532,1491171,369023,57388,187100,246662,103,0.7926,2549283,1051814,90742,426028,810194,310,0.7028,11.0,4,21,25,3533,4167,650,103.0,369023.0,300.4845269681872,0,195314.94252932168,0.0007575393206098,13.972055229328191,0.0384615384615384,0.0013554543482975,2.950288154732215,66950.0,9.485117149733613,5.037640259439172,25,True,0.009801421095693362,True
Everstream Trading,650283,Authorised Retailer,BUKIT BATOK,WEST REGION,residential,158030.0,1,0,1.34694365753899,103.757539380939,522250,0,45304,77950,15445,108,0.9601,958365,343673,45304,185531,526388,160,0.7281,2596491,728235,82297,254119,1266120,275,0.7742,11.0,18,75,93,1390,4177,2793,160.0,343673.0,343.91834611050746,0,960563.9406866472,0.0037255979783566,68.71492911281034,0.033297529538131,0.0050422901756668,2.929637082022022,446880.0,63.31156313477156,3.731176676032234,93,True,0.006087662088825758,True
NTUC FairPrice Limbang Shopping Centre,680533,Authorised Retailer (FairPrice),CHOA CHU KANG,WEST REGION,residential,192070.0,1,0,1.39206782341869,103.743102282335,326796,14509,0,55993,46770,91,0.9575,933431,39402,8500,123190,269719,196,0.9555,1825196,112410,8500,341128,398389,386,0.9401,11.0,11,40,51,1991,4175,2192,196.0,39402.0,217.086179808848,0,475852.9061409948,0.0018456206297383,34.040626894894004,0.0232664233576642,0.002765126870527,2.9067723471639724,429632.0,60.86795894360494,-1.264832348831292,51,True,0.007887953113537705,True
7-Eleven Store Owen Road,210045,Authorised Retailer (7-Eleven),ROCHOR,CENTRAL REGION,residential,13120.0,1,0,1.31559567579803,103.850825476141,395740,5264,0,58042,12316,30,0.9869,1334648,258096,34814,368795,112256,79,0.8307,2844715,676804,162642,737136,270785,250,0.7942,11.0,12,36,48,2127,4162,2056,79.0,258096.0,217.12138124827243,0,446401.5598464481,0.001731392027594,31.93379455694474,0.0233463035019455,0.0026024723487312,2.843073272666315,162424.0,23.011361731565827,5.209204782301411,48,True,0.0094750171058311,True
Soh Choo Trading,730019,Authorised Retailer,WOODLANDS,NORTH REGION,residential,255130.0,1,0,1.44328204285332,103.777294228046,322367,146713,28001,55691,73934,47,0.6767,1085026,275067,28001,302541,460965,148,0.7918,1805224,712068,69198,680106,577711,273,0.7113,11.0,11,59,70,1805,4179,2378,148.0,275067.0,295.2034978295617,0,701993.9178386977,0.0027227204877678,50.21785667638967,0.0294365012615643,0.0037952721752331,2.7915425863586503,351944.0,49.86153950927327,2.851959970482368,70,True,0.009536369564809605,True
Singapore Pools Woodlands 888 Branch,730888,Branch,MANDAI,NORTH REGION,residential,2090.0,1,0,1.43712301500434,103.795314383823,495512,0,15397,40025,60262,126,0.9849,1892446,90419,64941,225325,169231,446,0.94,2936589,793005,79474,774037,307206,623,0.7814,12.0,21,82,103,1956,4160,2227,446.0,90419.0,494.3881856793114,0,1101002.4895078265,0.0042702963075459,78.76134509637822,0.0462505612932195,0.0055844719149859,2.7311902491037165,993242.0,140.71720280859913,-3.1795516205921057,103,True,0.010083415277362262,True
Singapore Pools Ghim Moh Branch,270021,Branch,QUEENSTOWN,CENTRAL REGION,residential,95930.0,1,0,1.31010302594118,103.788545950724,395723,45719,21013,15740,53537,50,0.8784,1573016,273341,46930,168505,166194,108,0.8432,3368062,462432,63284,772611,265212,162,0.8731,12.0,11,52,63,1691,4170,2492,108.0,273341.0,254.27982019009997,0,633665.3119137291,0.0024577043807546,45.329899598639,0.0252808988764044,0.0034157449577098,2.624500371637888,269136.0,38.12974591800904,4.027617938853505,63,True,0.014941510529167236,True
Lee Eng Trading Store,522201,Authorised Retailer,TAMPINES,EAST REGION,residential,259900.0,1,0,1.35345315769813,103.953009918868,595817,0,42002,94712,26009,113,0.9671,2135063,42520,142595,287174,113455,383,0.9509,3505406,254946,194330,520615,501979,631,0.911,11.0,25,84,109,1254,4170,2929,383.0,42520.0,405.7547932965894,0,1188455.7895657104,0.0046094885508685,85.01740683221969,0.0372140662342096,0.0059097809585773,2.6010111457419343,1121807.0,158.93160290352822,-3.96068566254644,109,True,0.013946885873008415,True
Nan Huat Wine Store,570513,Authorised Retailer,BISHAN,CENTRAL REGION,residential,87320.0,1,0,1.34946633905282,103.849467349041,445950,107064,0,147620,14644,74,0.8064,1164150,284256,22747,361620,165444,191,0.799,2756071,537965,57191,873313,591594,388,0.8309,11.0,19,74,93,1261,4160,2922,191.0,284256.0,343.1210377073218,0,1002599.6721807944,0.0038886357831709,71.72199838480554,0.0318275154004106,0.0050422901756668,2.512491763013527,558102.0,79.06889994773155,1.5666881659259866,93,True,0.017971353278464493,True
Jake Merchandise Associates,520503,Authorised Retailer,PASIR RIS,EAST REGION,residential,147110.0,1,0,1.3558033565401,103.945102946956,352018,161736,35313,58464,107524,61,0.6733,1573949,169877,77315,175488,435723,335,0.8855,3558802,192220,251260,570492,590004,772,0.9206,11.0,18,73,91,1881,4170,2302,335.0,169877.0,425.9105367084836,0,980446.0555029291,0.0038027118107914,70.13721663823729,0.0395308427454387,0.004933853827803,2.491139137383343,771170.0,109.25523214876875,-1.7464905419997097,91,True,0.019019398401501915,True
